1999,Dec. 31Jan. 6,"$143,004,506",-35.5%,"$161,598,334",-32.4%,55,Stuart Little,53
1999,Dec. 2430,"$221,721,139",+62.2%,"$238,921,917",+60.3%,56,Stuart Little,52
1999,Dec. 1723,"$136,679,498",+49.6%,"$149,009,815",+48.1%,52,Stuart Little,51
1999,Dec. 1016,"$91,341,696",+3.9%,"$100,597,301",+1.3%,55,Green Mile,50
1999,Dec. 39,"$87,901,143",-49.0%,"$99,294,909",-47.4%,60,Toy Story 2,49
1999,Nov. 26Dec. 2,"$172,286,906",-4.2%,"$188,810,023",-7.3%,57,Toy Story 2,48
1999,Nov. 1925,"$179,784,976",+66.6%,"$203,724,346",+56.3%,59,World Is Not Enough,47
1999,Nov. 1218,"$107,924,990",+5.4%,"$130,385,765",+2.6%,54,Pokemon 1,46
1999,Nov. 511,"$102,413,033",+40.4%,"$127,048,569",+40.3%,59,Bone Collector,45
1999,Oct. 29Nov. 4,"$72,944,291",-10.6%,"$90,569,340",-8.4%,61,House on Haunted Hill,44
1999,Oct. 2228,"$81,611,407",-11.6%,"$98,914,271",-5.9%,56,Best Man,43
1999,Oct. 1521,"$92,310,588",-12.0%,"$105,068,404",-10.5%,56,Fight Club,42
1999,Oct. 814,"$104,855,103",+5.3%,"$117,426,556",+5.3%,57,Double Jeopardy,41
1999,Oct. 17,"$99,602,916",+8.0%,"$111,497,757",+8.3%,54,Double Jeopardy,40
1999,Sep. 2430,"$92,257,879",+5.1%,"$102,933,194",+1.1%,48,Double Jeopardy,39
1999,Sep. 1723,"$87,747,551",+5.7%,"$101,832,096",-1.7%,56,Blue Streak,38
1999,Sep. 1016,"$83,017,790",-4.7%,"$103,594,298",-7.7%,61,Stigmata,37
1999,Sep. 39,"$87,069,644",-26.5%,"$112,242,759",-25.7%,53,Sixth Sense,36
1999,Aug. 27Sep. 2,"$118,495,860",-7.7%,"$151,100,307",-2.4%,59,Sixth Sense,35
1999,Aug. 2026,"$128,438,184",-22.6%,"$154,872,334",-18.9%,62,Sixth Sense,34
1999,Aug. 1319,"$165,827,233",-21.0%,"$191,036,808",-19.0%,63,Sixth Sense,33
1999,Aug. 612,"$209,975,281",-2.1%,"$235,727,414",-3.1%,58,Sixth Sense,32
1999,Jul. 30Aug. 5,"$214,574,153",+25.9%,"$243,303,228",+15.1%,59,Runaway Bride,31
1999,Jul. 2329,"$170,440,644",+6.0%,"$211,386,548",+12.3%,62,The Haunting,30
1999,Jul. 1622,"$160,796,947",-3.0%,"$188,320,035",+3.9%,56,Eyes Wide Shut,29
1999,Jul. 915,"$165,698,915",-11.6%,"$181,312,216",-9.3%,63,American Pie,28
1999,Jul. 28,"$187,416,611",-19.5%,"$199,922,943",-19.7%,60,Wild Wild West,27
1999,Jun. 25Jul. 1,"$232,833,083",+23.6%,"$249,040,144",+25.2%,60,Big Daddy,26
1999,Jun. 1824,"$188,457,888",+12.6%,"$198,931,902",+10.5%,55,Tarzan,25
1999,Jun. 1117,"$167,387,338",+44.3%,"$179,993,217",+40.0%,58,The Spy Who Shagged Me,24
1999,Jun. 410,"$115,984,178",-29.4%,"$128,536,028",-27.2%,60,The Phantom Menace,23
1999,May 28Jun. 3,"$164,212,226",+9.2%,"$176,458,640",+9.5%,53,The Phantom Menace,22
1999,May 2127,"$150,358,357",+28.8%,"$161,093,241",+23.9%,55,The Phantom Menace,21
1999,May 1420,"$116,712,605",+16.7%,"$129,985,700",+16.2%,58,The Phantom Menace,20
1999,May 713,"$99,974,205",+51.8%,"$111,822,701",+41.2%,55,The Mummy,19
1999,Apr. 30May6,"$65,881,841",+2.4%,"$79,197,155",-1.7%,57,Entrapment,18
1999,Apr. 2329,"$64,347,866",-28.0%,"$80,586,443",-23.4%,58,The Matrix,17
1999,Apr. 1622,"$89,321,242",+1.0%,"$105,265,573",-1.9%,55,Life,16
1999,Apr. 915,"$88,429,706",-20.3%,"$107,297,991",-17.2%,56,The Matrix,15
1999,Apr. 28,"$110,898,347",+31.4%,"$129,627,428",+16.9%,58,The Matrix,14
1999,Mar. 26Apr. 1,"$84,386,100",+7.4%,"$110,881,838",+7.8%,55,Forces of Nature,13
1999,Mar. 1925,"$78,577,991",-13.2%,"$102,884,430",-10.6%,56,Forces of Nature,12
1999,Mar. 1218,"$90,535,554",+0.1%,"$115,029,865",+3.9%,57,Analyze This,11
1999,Mar. 511,"$90,464,522",+13.7%,"$110,768,620",+9.5%,57,Analyze This,10
1999,Feb. 26Mar. 4,"$79,584,040",+1.1%,"$101,184,266",-0.9%,54,8MM,9
1999,Feb. 1925,"$78,726,541",-29.2%,"$102,132,309",-25.5%,51,Message in a Bottle,8
1999,Feb. 1218,"$111,264,893",+44.0%,"$137,054,663",+33.5%,59,Message in a Bottle,7
1999,Feb. 511,"$77,296,154",+10.3%,"$102,682,354",+11.6%,54,Payback,6
1999,Jan. 29Feb. 4,"$70,083,402",-11.4%,"$92,037,443",-13.9%,58,She's All That,5
1999,Jan. 2228,"$79,117,789",-32.9%,"$106,871,043",-26.6%,58,Varsity Blues,4
1999,Jan. 1521,"$117,888,379",+22.6%,"$145,543,580",+29.2%,54,Varsity Blues,3
1999,Jan. 814,"$96,142,989",-25.3%,"$112,696,485",-25.5%,50,A Civil Action,2
1999,Jan. 17,"$128,701,553",-49.2%,"$151,287,903",-43.1%,56,Patch Adams,1
2000,Dec. 29Jan. 4,"$203,392,936",-22.2%,"$233,483,221",-19.1%,57,Cast Away,52
2000,Dec. 2228,"$261,440,193",+82.4%,"$288,450,694",+88.1%,59,Cast Away,51
2000,Dec. 1521,"$143,355,006",+41.7%,"$153,328,832",+39.2%,45,What Women Want,50
2000,Dec. 814,"$101,162,882",+0.9%,"$110,120,569",+1.6%,53,The Grinch,49
2000,Dec. 17,"$100,255,310",-48.3%,"$108,366,192",-47.3%,51,The Grinch,48
2000,Nov. 2430,"$193,811,653",-21.3%,"$205,508,560",-22.7%,56,The Grinch,47
2000,Nov. 1723,"$246,282,699",+109.4%,"$265,939,956",+107.4%,58,The Grinch,46
2000,Nov. 1016,"$117,641,377",-2.0%,"$128,217,358",-2.6%,54,Charlie's Angels,45
2000,Nov. 39,"$120,089,266",+34.6%,"$131,649,454",+28.0%,59,Charlie's Angels,44
2000,Oct. 27Nov. 2,"$89,220,332",-0.4%,"$102,848,126",+0.5%,66,Meet the Parents,43
2000,Oct. 2026,"$89,584,709",-4.8%,"$102,362,706",-3.9%,61,Meet the Parents,42
2000,Oct. 1319,"$94,142,519",-4.9%,"$106,498,755",-6.9%,57,Meet the Parents,41
2000,Oct. 612,"$98,952,272",+47.9%,"$114,415,040",+38.4%,58,Meet the Parents,40
2000,Sep. 29Oct. 5,"$66,901,482",+11.9%,"$82,674,073",+5.1%,55,Remember the Titans,39
2000,Sep. 2228,"$59,764,244",+23.4%,"$78,629,799",+13.8%,60,Exorcist Director's Cut,38
2000,Sep. 1521,"$48,448,412",-14.8%,"$69,074,908",-10.2%,64,The Watcher,37
2000,Sep. 814,"$56,890,613",-33.7%,"$76,947,488",-35.4%,59,The Watcher,36
2000,Sep. 17,"$85,811,115",-15.3%,"$119,075,960",-4.0%,60,Bring It On,35
2000,Aug. 2531,"$101,268,749",-16.1%,"$124,027,512",-12.3%,60,Bring It On,34
2000,Aug. 1824,"$120,682,537",-13.6%,"$141,411,746",-11.6%,64,The Cell,33
2000,Aug. 1117,"$139,597,534",-19.8%,"$159,925,000",-16.3%,66,Hollow Man,32
2000,Aug. 410,"$174,004,517",-2.9%,"$190,996,874",-1.7%,64,Hollow Man,31
2000,Jul. 28Aug. 3,"$179,220,386",-7.1%,"$194,226,580",-8.7%,58,The Klumps,30
2000,Jul. 2127,"$192,854,611",-7.7%,"$212,627,599",-4.7%,69,What Lies Beneath,29
2000,Jul. 1420,"$208,827,626",+3.7%,"$223,061,116",+4.4%,69,X-Men,28
2000,Jul. 713,"$201,389,473",-10.0%,"$213,615,565",-10.9%,71,Scary Movie,27
2000,Jun. 30Jul. 6,"$223,663,602",+46.1%,"$239,732,067",+42.2%,66,Perfect Storm,26
2000,Jun. 2329,"$153,077,560",+7.5%,"$168,576,763",+9.6%,59,"Me, Myself and Irene",25
2000,Jun. 1622,"$142,437,301",+6.4%,"$153,808,030",+7.1%,60,Shaft,24
2000,Jun. 915,"$133,884,866",-1.8%,"$143,602,030",-2.1%,53,Gone in 60 Seconds,23
2000,Jun. 28,"$136,336,221",-32.4%,"$146,653,600",-32.7%,58,Mission: Impossible II,22
2000,May 26Jun. 1,"$201,791,147",+32.6%,"$217,816,716",+27.3%,61,Mission: Impossible II,21
2000,May 1925,"$152,193,493",+62.6%,"$171,131,342",+50.9%,55,Dinosaur,20
2000,May 1218,"$93,601,346",-10.6%,"$113,422,887",-3.9%,54,Gladiator,19
2000,May 511,"$104,676,831",+22.0%,"$118,034,511",+16.8%,53,Gladiator,18
2000,Apr. 28May4,"$85,834,276",-15.6%,"$101,038,470",-18.0%,53,U-571,17
2000,Apr. 2127,"$101,675,941",+4.8%,"$123,191,263",+5.3%,57,U-571,16
2000,Apr. 1420,"$96,994,938",+3.8%,"$117,033,830",+8.4%,55,Rules of Engagement,15
2000,Apr. 713,"$93,427,951",-3.7%,"$108,007,567",-5.4%,54,Rules of Engagement,14
2000,Mar. 31Apr. 6,"$97,014,161",-1.8%,"$114,129,245",-2.5%,57,Erin Brockovich,13
2000,Mar. 2430,"$98,806,636",-3.6%,"$117,052,123",-7.8%,61,Erin Brockovich,12
2000,Mar. 1723,"$102,540,237",+15.3%,"$126,889,619",+8.6%,56,Erin Brockovich,11
2000,Mar. 1016,"$88,940,492",+19.7%,"$116,850,435",+11.9%,60,Mission to Mars,10
2000,Mar. 39,"$74,323,004",-18.7%,"$104,391,273",-7.3%,55,Whole Nine Yards,9
2000,Feb. 25Mar. 2,"$91,465,348",-31.0%,"$112,645,978",-29.2%,55,Whole Nine Yards,8
2000,Feb. 1824,"$132,635,644",+37.4%,"$159,098,936",+33.7%,61,Whole Nine Yards,7
2000,Feb. 1117,"$96,550,654",+11.8%,"$119,011,145",+7.6%,54,Scream 3,6
2000,Feb. 410,"$86,381,190",+47.1%,"$110,651,459",+28.5%,55,Scream 3,5
2000,Jan. 28Feb. 3,"$58,735,014",-21.1%,"$86,115,844",-18.4%,60,Eye of the Beholder,4
2000,Jan. 2127,"$74,480,899",-34.9%,"$105,493,208",-28.0%,58,Next Friday,3
2000,Jan. 1420,"$114,321,378",+13.2%,"$146,456,782",+11.9%,57,Next Friday,2
2000,Jan. 713,"$101,013,913",-29.4%,"$130,929,381",-19.0%,56,Stuart Little,1
2001,Dec. 28Jan. 3,"$254,376,175",-3.4%,"$290,520,484",+0.9%,57,Fellowship of the Ring,52
2001,Dec. 2127,"$263,441,209",+81.5%,"$287,952,227",+89.9%,50,Fellowship of the Ring,51
2001,Dec. 1420,"$145,114,451",+37.0%,"$151,604,533",+34.1%,50,Vanilla Sky,50
2001,Dec. 713,"$105,929,128",+5.3%,"$113,047,112",+2.5%,56,Ocean's Eleven,49
2001,Nov. 30Dec. 6,"$100,642,403",-39.7%,"$110,243,057",-38.5%,57,Harry Potter / Sorcerer's Stone,48
2001,Nov. 2329,"$166,895,273",-27.9%,"$179,189,822",-28.2%,56,Harry Potter / Sorcerer's Stone,47
2001,Nov. 1622,"$231,554,917",+57.3%,"$249,674,543",+53.8%,58,Harry Potter / Sorcerer's Stone,46
2001,Nov. 915,"$147,224,615",-10.5%,"$162,305,030",-9.6%,58,"Monsters, Inc.",45
2001,Nov. 28,"$164,400,330",+78.3%,"$179,456,448",+65.7%,59,"Monsters, Inc.",44
2001,Oct. 26Nov. 1,"$92,191,016",-0.7%,"$108,290,922",+1.8%,57,K-PAX,43
2001,Oct. 1925,"$92,797,418",-6.1%,"$106,404,113",-3.5%,59,From Hell,42
2001,Oct. 1218,"$98,777,997",-8.9%,"$110,201,848",-8.4%,58,Training Day,41
2001,Oct. 511,"$108,441,177",+35.7%,"$120,293,722",+27.1%,61,Training Day,40
2001,Sep. 28Oct. 4,"$79,914,399",+42.7%,"$94,625,569",+24.5%,58,Don't Say a Word,39
2001,Sep. 2127,"$56,005,642",-15.0%,"$76,015,096",-9.1%,55,Hardball,38
2001,Sep. 1420,"$65,921,240",-11.6%,"$83,634,364",-9.5%,58,Hardball,37
2001,Sep. 713,"$74,525,864",-30.5%,"$92,421,954",-31.4%,58,The Musketeer,36
2001,Aug. 31Sep. 6,"$107,173,481",-5.0%,"$134,810,641",-0.3%,57,Jeepers Creepers,35
2001,Aug. 2430,"$112,800,351",-25.1%,"$135,184,358",-19.7%,58,American Pie 2,34
2001,Aug. 1723,"$150,565,450",-30.5%,"$168,437,295",-27.4%,54,American Pie 2,33
2001,Aug. 1016,"$216,639,990",-12.1%,"$231,951,630",-10.6%,56,American Pie 2,32
2001,Aug. 39,"$246,413,794",+17.3%,"$259,564,447",+15.0%,53,Rush Hour 2,31
2001,Jul. 27Aug. 2,"$210,026,166",+3.8%,"$225,717,054",+3.2%,57,Planet of the Apes (2001),30
2001,Jul. 2026,"$202,306,251",+6.9%,"$218,803,824",+3.5%,52,Jurassic Park III,29
2001,Jul. 1319,"$189,218,459",+4.4%,"$211,385,698",+4.6%,54,Legally Blonde,28
2001,Jul. 612,"$181,270,227",-14.6%,"$202,065,008",-13.0%,54,Cats & Dogs,27
2001,Jun. 29Jul. 5,"$212,269,745",+7.8%,"$232,202,386",+12.2%,57,A.I. Artificial Intelligence,26
2001,Jun. 2228,"$196,936,465",+6.2%,"$207,006,418",+7.5%,54,Fast and the Furious,25
2001,Jun. 1521,"$185,446,265",+34.2%,"$192,521,334",+33.2%,57,Tomb Raider,24
2001,Jun. 814,"$138,218,902",-16.7%,"$144,498,974",-16.5%,56,Swordfish,23
2001,Jun. 17,"$165,879,284",-20.7%,"$173,116,482",-19.4%,53,Pearl Harbor,22
2001,May 2531,"$209,169,313",+64.3%,"$214,766,296",+64.7%,25,Pearl Harbor,21
2001,May 1824,"$127,288,473",+39.1%,"$130,421,791",+26.6%,23,Shrek,20
2001,May 1117,"$91,521,008",-26.8%,"$103,061,350",-25.6%,57,Mummy Returns,19
2001,May 410,"$125,102,228",+79.1%,"$138,502,426",+61.1%,60,Mummy Returns,18
2001,Apr. 27May3,"$69,844,163",-16.3%,"$85,969,632",-15.7%,59,Driven,17
2001,Apr. 2026,"$83,442,012",-22.9%,"$101,964,068",-20.6%,57,Bridget Jones's Diary,16
2001,Apr. 1319,"$108,203,422",-3.5%,"$128,341,796",-6.4%,56,Spy Kids,15
2001,Apr. 612,"$112,166,054",+10.1%,"$137,131,430",+14.5%,56,Spy Kids,14
2001,Mar. 30Apr. 5,"$101,891,577",+13.7%,"$119,795,804",+11.3%,54,Spy Kids,13
2001,Mar. 2329,"$89,624,768",-4.6%,"$107,638,722",-2.2%,54,Heartbreakers,12
2001,Mar. 1622,"$93,986,374",+12.4%,"$110,067,956",+9.5%,56,Exit Wounds,11
2001,Mar. 915,"$83,630,128",-12.0%,"$100,543,895",-11.4%,59,The Mexican,10
2001,Mar. 28,"$95,042,818",+2.2%,"$113,429,798",+0.4%,59,The Mexican,9
2001,Feb. 23Mar. 1,"$92,999,309",-36.6%,"$113,002,396",-34.0%,55,Hannibal,8
2001,Feb. 1622,"$146,594,339",+3.7%,"$171,281,994",+3.1%,56,Hannibal,7
2001,Feb. 915,"$141,326,557",+58.8%,"$166,199,939",+34.7%,55,Hannibal,6
2001,Feb. 28,"$88,995,235",-6.7%,"$123,422,818",-1.4%,57,Wedding Planner,5
2001,Jan. 26Feb. 1,"$95,331,420",-17.4%,"$125,156,615",-13.5%,57,Wedding Planner,4
2001,Jan. 1925,"$115,403,741",-31.5%,"$144,688,287",-26.2%,58,Save the Last Dance,3
2001,Jan. 1218,"$168,487,393",+25.5%,"$196,118,833",+25.6%,58,Save the Last Dance,2
2001,Jan. 511,"$134,208,812",-34.0%,"$156,198,230",-33.1%,58,Cast Away,1
2002,Dec. 27Jan. 2,"$289,296,343",+11.1%,"$335,302,657",+15.2%,124,Two Towers,52
2002,Dec. 2026,"$260,340,955",+71.0%,"$291,116,393",+68.8%,118,Two Towers,51
2002,Dec. 1319,"$152,219,758",+76.3%,"$172,428,801",+64.2%,119,Two Towers,50
2002,Dec. 612,"$86,348,529",-44.5%,"$105,040,278",-40.5%,122,Die Another Day,49
2002,Nov. 29Dec. 5,"$155,539,085",-28.9%,"$176,375,167",-27.6%,125,Die Another Day,48
2002,Nov. 2228,"$218,633,875",+11.7%,"$243,732,877",+14.9%,134,Die Another Day,47
2002,Nov. 1521,"$195,764,805",+16.5%,"$212,178,978",+12.1%,130,Harry Potter / Chamber of Secrets,46
2002,Nov. 814,"$168,030,128",+31.3%,"$189,290,566",+24.5%,129,8 Mile,45
2002,Nov. 17,"$127,983,306",+13.5%,"$152,096,067",+9.3%,135,The Santa Clause 2,44
2002,Oct. 2531,"$112,770,074",+19.5%,"$139,174,100",+18.5%,144,Jackass,43
2002,Oct. 1824,"$94,363,708",-23.3%,"$117,492,211",-17.5%,139,The Ring,42
2002,Oct. 1117,"$122,945,330",-2.8%,"$142,337,118",+2.3%,142,Red Dragon,41
2002,Oct. 410,"$126,468,954",+10.2%,"$139,109,846",+8.2%,137,Red Dragon,40
2002,Sep. 27Oct. 3,"$114,727,699",+31.2%,"$128,624,892",+25.3%,145,Sweet Home Alabama,39
2002,Sep. 2026,"$87,446,579",-5.2%,"$102,645,742",-5.7%,140,Barbershop,38
2002,Sep. 1319,"$92,235,944",+12.1%,"$108,809,296",+8.8%,137,Barbershop,37
2002,Sep. 612,"$82,256,904",-17.6%,"$99,978,086",-20.5%,130,My Big Fat Greek Wedding,36
2002,Aug. 30Sep. 5,"$99,785,838",-6.2%,"$125,719,726",-0.2%,129,Signs,35
2002,Aug. 2329,"$106,321,107",-26.2%,"$126,003,973",-22.3%,131,Signs,34
2002,Aug. 1622,"$144,081,743",-26.2%,"$162,173,895",-23.5%,125,XXX,33
2002,Aug. 915,"$195,155,642",-11.5%,"$212,092,046",-15.1%,118,XXX,32
2002,Aug. 28,"$220,575,069",+9.9%,"$249,895,949",+9.8%,120,Signs,31
2002,Jul. 26Aug. 1,"$200,788,472",+30.2%,"$227,583,310",+24.3%,115,Goldmember,30
2002,Jul. 1925,"$154,251,789",-19.4%,"$183,150,628",-15.5%,111,Stuart Little 2,29
2002,Jul. 1218,"$191,386,036",-6.5%,"$216,742,000",-4.3%,102,Men in Black II,28
2002,Jul. 511,"$204,644,199",-13.4%,"$226,421,108",-15.1%,90,Men in Black II,27
2002,Jun. 28Jul. 4,"$236,375,972",+4.8%,"$266,743,638",+9.2%,95,Mr. Deeds,26
2002,Jun. 2127,"$225,642,275",+0.6%,"$244,262,032",+2.6%,90,Lilo & Stitch,25
2002,Jun. 1420,"$224,308,136",+47.5%,"$238,001,770",+47.5%,95,Scooby-Doo,24
2002,Jun. 713,"$152,100,636",-8.2%,"$161,402,751",-7.5%,88,Sum of All Fears,23
2002,May 31Jun. 6,"$165,749,762",-26.8%,"$174,572,196",-26.6%,85,Sum of All Fears,22
2002,May 2430,"$226,343,027",+3.4%,"$237,842,428",+3.5%,83,Attack of the Clones,21
2002,May 1723,"$218,879,073",+25.5%,"$229,723,801",+20.0%,72,Attack of the Clones,20
2002,May 1016,"$174,389,718",-12.2%,"$191,389,423",-10.7%,77,Spider-Man,19
2002,May 39,"$198,503,681",+127.2%,"$214,320,992",+99.2%,73,Spider-Man,18
2002,Apr. 26May2,"$87,384,943",-24.3%,"$107,619,533",-18.9%,75,Scorpion King,17
2002,Apr. 1925,"$115,384,590",+11.5%,"$132,713,023",+7.3%,72,Scorpion King,16
2002,Apr. 1218,"$103,447,485",-9.8%,"$123,685,270",-9.7%,68,Changing Lanes,15
2002,Apr. 511,"$114,726,890",-29.8%,"$136,942,038",-27.6%,63,Panic Room,14
2002,Mar. 29Apr. 4,"$163,362,265",+1.8%,"$189,211,706",+2.0%,64,Panic Room,13
2002,Mar. 2228,"$160,517,836",+5.1%,"$185,534,613",+5.1%,63,Blade II,12
2002,Mar. 1521,"$152,715,706",+39.7%,"$176,533,038",+27.5%,60,Ice Age,11
2002,Mar. 814,"$109,336,440",+5.5%,"$138,475,523",+3.5%,61,Time Machine,10
2002,Mar. 17,"$103,622,992",-,"$133,835,495",-1.5%,60,We Were Soldiers,9
2002,Feb. 2228,"$103,630,904",-30.8%,"$135,869,548",-29.3%,58,Queen of the Damned,8
2002,Feb. 1521,"$149,664,733",+36.7%,"$192,176,483",+41.7%,56,John Q.,7
2002,Feb. 814,"$109,452,772",+10.9%,"$135,636,421",+7.7%,57,Collateral Damage,6
2002,Feb. 17,"$98,682,164",-28.1%,"$125,959,322",-23.3%,56,Black Hawk Down,5
2002,Jan. 2531,"$137,319,867",-9.1%,"$164,197,937",-7.1%,55,Black Hawk Down,4
2002,Jan. 1824,"$151,113,292",+33.0%,"$176,703,388",+27.9%,48,Black Hawk Down,3
2002,Jan. 1117,"$113,634,291",-14.8%,"$138,189,002",-13.8%,54,Fellowship of the Ring,2
2002,Jan. 410,"$133,443,605",-47.5%,"$160,260,760",-44.8%,54,Fellowship of the Ring,1
2003,Dec. 26Jan. 1,"$314,288,690",+34.3%,"$356,699,059",+34.9%,100,Return of the King,52
2003,Dec. 1925,"$234,093,523",+53.4%,"$264,385,950",+57.4%,112,Return of the King,51
2003,Dec. 1218,"$152,641,437",+33.5%,"$167,966,091",+33.3%,127,Return of the King,50
2003,Dec. 511,"$114,327,145",-33.1%,"$126,009,781",-33.2%,127,The Last Samurai,49
2003,Nov. 28Dec. 4,"$170,865,418",-11.6%,"$188,698,929",-14.4%,131,The Haunted Mansion,48
2003,Nov. 2127,"$193,271,344",+28.6%,"$220,462,164",+34.3%,135,The Cat in the Hat,47
2003,Nov. 1420,"$150,252,770",-22.9%,"$164,221,943",-21.6%,139,Master and Commander,46
2003,Nov. 713,"$194,741,815",+31.4%,"$209,562,591",+25.6%,144,The Matrix Revolutions,45
2003,Oct. 31Nov. 6,"$148,246,322",-0.9%,"$166,859,353",+1.6%,149,The Matrix Revolutions,44
2003,Oct. 2430,"$149,589,338",+12.8%,"$164,238,465",+11.3%,155,Scary Movie 3,43
2003,Oct. 1723,"$132,605,194",+2.5%,"$147,602,741",-0.5%,149,Texas Chainsaw Massacre,42
2003,Oct. 1016,"$129,401,840",+21.5%,"$148,375,370",+16.5%,152,Kill Bill Vol. 1,41
2003,Oct. 39,"$106,481,948",+6.1%,"$127,396,594",+7.4%,147,School of Rock,40
2003,Sep. 26Oct. 2,"$100,376,594",-11.1%,"$118,670,384",-11.2%,145,The Rundown,39
2003,Sep. 1925,"$112,941,422",+24.1%,"$133,597,948",+20.3%,142,Underworld,38
2003,Sep. 1218,"$91,030,186",+43.5%,"$111,086,142",+28.6%,150,Once Upon a Time in Mexico,37
2003,Sep. 511,"$63,446,388",-47.2%,"$86,372,648",-43.6%,140,Jeepers Creepers 2,36
2003,Aug. 29Sep. 4,"$120,193,621",+1.8%,"$153,013,762",+6.0%,138,Jeepers Creepers 2,35
2003,Aug. 2228,"$118,048,075",-37.7%,"$144,321,787",-31.9%,133,Freddy Vs. Jason,34
2003,Aug. 1521,"$189,363,115",+1.4%,"$211,943,495",+2.5%,127,Freddy Vs. Jason,33
2003,Aug. 814,"$186,728,564",-8.6%,"$206,713,355",-9.6%,126,S.W.A.T.,32
2003,Aug. 17,"$204,382,890",-8.2%,"$228,624,368",-5.5%,128,American Wedding,31
2003,Jul. 2531,"$222,618,232",+4.8%,"$241,791,369",+3.9%,138,Spy Kids 3,30
2003,Jul. 1824,"$212,409,288",+2.1%,"$232,749,767",+3.7%,132,Bad Boys II,29
2003,Jul. 1117,"$208,060,998",-2.6%,"$224,545,691",-3.2%,132,Pirates of the Caribbean,28
2003,Jul. 410,"$213,670,455",+4.6%,"$231,921,446",+0.4%,134,Terminator 3,27
2003,Jun. 27Jul. 3,"$204,255,566",+0.9%,"$230,985,347",+7.0%,141,Charlie's Angels: Full Throttle,26
2003,Jun. 2026,"$202,437,466",+16.7%,"$215,937,229",+16.8%,128,Hulk,25
2003,Jun. 1319,"$173,537,714",-19.0%,"$184,920,537",-17.9%,131,Finding Nemo,24
2003,Jun. 612,"$214,293,097",-6.8%,"$225,325,313",-6.6%,130,Finding Nemo,23
2003,May 30Jun. 5,"$229,796,751",+2.3%,"$241,229,014",+2.0%,129,Finding Nemo,22
2003,May 2329,"$224,623,673",+11.2%,"$236,622,316",+11.5%,126,Bruce Almighty,21
2003,May 1622,"$201,958,303",+21.6%,"$212,207,260",+16.6%,144,The Matrix Reloaded,20
2003,May 915,"$166,082,662",-5.5%,"$181,964,977",-5.6%,144,X2: X-Men United,19
2003,May 28,"$175,692,876",+90.4%,"$192,690,155",+66.6%,142,X2: X-Men United,18
2003,Apr. 25May1,"$92,264,011",-24.2%,"$115,690,292",-22.9%,162,Identity,17
2003,Apr. 1824,"$121,781,934",+6.1%,"$150,053,654",+8.0%,154,Anger Management,16
2003,Apr. 1117,"$114,764,578",+11.1%,"$138,999,836",+10.6%,145,Anger Management,15
2003,Apr. 410,"$103,270,945",-4.7%,"$125,729,359",-4.6%,141,Phone Booth,14
2003,Mar. 28Apr. 3,"$108,316,699",+0.3%,"$131,760,042",+1.6%,139,Head of State,13
2003,Mar. 2127,"$108,003,103",-7.7%,"$129,654,540",-6.5%,133,Bringing Down the House,12
2003,Mar. 1420,"$117,008,601",-5.9%,"$138,608,828",-5.5%,127,Bringing Down the House,11
2003,Mar. 713,"$124,381,402",+14.2%,"$146,664,455",+9.5%,130,Bringing Down the House,10
2003,Feb. 28Mar. 6,"$108,956,440",-9.8%,"$133,929,741",-7.6%,124,Cradle 2 the Grave,9
2003,Feb. 2127,"$120,748,854",-27.1%,"$144,922,413",-25.6%,120,Old School,8
2003,Feb. 1420,"$165,604,342",+31.8%,"$194,759,997",+28.9%,121,Daredevil,7
2003,Feb. 713,"$125,676,692",+10.3%,"$151,070,604",+5.2%,115,How to Lose a Guy,6
2003,Jan. 31Feb. 6,"$113,965,070",+10.9%,"$143,656,405",+9.5%,117,The Recruit,5
2003,Jan. 2430,"$102,798,012",-26.2%,"$131,148,038",-25.4%,122,Darkness Falls,4
2003,Jan. 1723,"$139,327,329",+21.0%,"$175,743,406",+20.0%,128,Kangaroo Jack,3
2003,Jan. 1016,"$115,174,984",-19.2%,"$146,495,448",-14.4%,111,Just Married,2
2003,Jan. 39,"$142,484,510",-50.8%,"$171,188,651",-49.0%,116,Two Towers,1
2004,Dec. 31Jan. 6,"$161,194,556",-39.7%,"$193,280,990",-37.2%,99,Meet the Fockers,53
2004,Dec. 2430,"$267,183,515",+44.7%,"$307,604,684",+51.0%,100,Meet the Fockers,52
2004,Dec. 1723,"$184,663,948",+39.2%,"$203,714,192",+44.1%,102,Lemony Snicket,51
2004,Dec. 1016,"$132,625,373",+25.6%,"$141,349,324",+19.2%,119,Ocean's Twelve,50
2004,Dec. 39,"$105,611,181",-40.1%,"$118,567,914",-37.8%,113,National Treasure,49
2004,Nov. 26Dec. 2,"$176,432,193",-20.2%,"$190,490,270",-21.0%,113,National Treasure,48
2004,Nov. 1925,"$221,015,000",+36.0%,"$241,140,764",+37.2%,114,National Treasure,47
2004,Nov. 1218,"$162,493,646",-11.5%,"$175,752,002",-11.7%,123,The Incredibles,46
2004,Nov. 511,"$183,667,603",+50.8%,"$199,126,382",+49.0%,127,The Incredibles,45
2004,Oct. 29Nov. 4,"$121,795,463",-0.9%,"$133,678,380",-0.4%,136,The Grudge,44
2004,Oct. 2228,"$122,907,500",+11.6%,"$134,142,918",+9.3%,144,The Grudge,43
2004,Oct. 1521,"$110,102,710",-13.0%,"$122,787,387",-13.2%,147,Shark Tale,42
2004,Oct. 814,"$126,552,748",+1.4%,"$141,446,499",+0.2%,147,Shark Tale,41
2004,Oct. 17,"$124,829,930",+66.6%,"$141,224,932",+53.9%,139,Shark Tale,40
2004,Sep. 2430,"$74,916,157",-4.3%,"$91,770,588",-6.3%,149,The Forgotten,39
2004,Sep. 1723,"$78,286,368",-3.1%,"$97,913,168",-4.7%,136,Sky Captain and the World of Tomorrow,38
2004,Sep. 1016,"$80,825,193",-15.5%,"$102,750,870",-22.2%,122,Resident Evil: Apocalypse,37
2004,Sep. 39,"$95,691,454",-15.3%,"$132,084,759",-7.2%,126,Hero,36
2004,Aug. 27Sep. 2,"$112,974,472",-19.9%,"$142,341,283",-14.5%,128,Hero,35
2004,Aug. 2026,"$140,990,051",-19.3%,"$166,479,959",-16.1%,122,Exorcist: The Beginning,34
2004,Aug. 1319,"$174,725,723",+12.4%,"$198,312,585",+7.6%,122,Alien Vs. Predator,33
2004,Aug. 612,"$155,491,478",-25.4%,"$184,248,083",-20.8%,123,Collateral,32
2004,Jul. 30Aug. 5,"$208,325,263",+0.7%,"$232,733,356",+1.1%,116,The Village,31
2004,Jul. 2329,"$206,985,139",-1.6%,"$230,195,674",-0.9%,118,The Bourne Supremacy,30
2004,Jul. 1622,"$210,400,070",-0.9%,"$232,301,328",+0.6%,116,"I, Robot",29
2004,Jul. 915,"$212,394,924",-25.5%,"$230,965,174",-23.8%,114,Spider-Man 2,28
2004,Jul. 28,"$285,199,442",+7.6%,"$302,983,673",+5.6%,112,Spider-Man 2,27
2004,Jun. 25Jul. 1,"$265,063,128",+28.7%,"$287,017,597",+30.6%,116,Spider-Man 2,26
2004,Jun. 1824,"$205,929,019",-7.0%,"$219,786,645",-5.3%,129,DodgeBall,25
2004,Jun. 1117,"$221,305,651",-11.3%,"$231,973,047",-10.1%,130,Harry Potter / Azkaban,24
2004,Jun. 410,"$249,534,073",-11.6%,"$257,969,082",-12.4%,138,Harry Potter / Azkaban,23
2004,May 28Jun. 3,"$282,380,247",+28.7%,"$294,329,752",+27.4%,146,Shrek 2,22
2004,May 2127,"$219,416,940",+45.1%,"$230,980,840",+38.9%,155,Shrek 2,21
2004,May 1420,"$151,254,749",+18.7%,"$166,321,909",+15.7%,155,Troy,20
2004,May 713,"$127,440,593",+20.0%,"$143,732,121",+11.3%,155,Van Helsing,19
2004,Apr. 30May6,"$106,221,423",+0.7%,"$129,154,336",+2.4%,148,Mean Girls,18
2004,Apr. 2329,"$105,516,764",-2.5%,"$126,132,120",-6.5%,135,Man on Fire,17
2004,Apr. 1622,"$108,261,713",-20.2%,"$134,925,384",-17.1%,132,Kill Bill Vol. 2,16
2004,Apr. 915,"$135,730,993",-13.9%,"$162,804,677",-9.1%,131,Passion of the Christ,15
2004,Apr. 28,"$157,712,545",+14.0%,"$179,022,219",+16.3%,123,Hellboy,14
2004,Mar. 26Apr. 1,"$138,345,139",-2.1%,"$153,945,955",-1.8%,135,Scooby-Doo 2,13
2004,Mar. 1925,"$141,344,152",-0.1%,"$156,752,198",-2.3%,130,Dawn of the Dead,12
2004,Mar. 1218,"$141,464,156",-17.1%,"$160,494,809",-14.8%,126,Passion of the Christ,11
2004,Mar. 511,"$170,591,053",-10.0%,"$188,315,756",-11.2%,119,Passion of the Christ,10
2004,Feb. 27Mar. 4,"$189,469,684",+46.4%,"$212,141,763",+33.4%,124,Passion of the Christ,9
2004,Feb. 2026,"$129,408,619",-7.7%,"$159,058,419",-5.9%,133,Passion of the Christ,8
2004,Feb. 1319,"$140,216,859",+27.6%,"$169,094,239",+22.5%,131,50 First Dates,7
2004,Feb. 612,"$109,857,681",+20.8%,"$138,085,206",+14.1%,120,Barbershop 2,6
2004,Jan. 30Feb. 5,"$90,933,897",-13.9%,"$121,054,777",-7.5%,116,You Got Served,5
2004,Jan. 2329,"$105,641,728",-19.4%,"$130,816,168",-18.6%,119,The Butterfly Effect,4
2004,Jan. 1622,"$131,062,718",+12.9%,"$160,794,166",+17.4%,117,Along Came Polly,3
2004,Jan. 915,"$116,139,014",-23.9%,"$136,950,341",-24.2%,109,Return of the King,2
2004,Jan. 28,"$152,697,807",-51.4%,"$180,564,994",-49.4%,112,Return of the King,1
2005,Dec. 30Jan. 5,"$205,848,317",-27.0%,"$235,975,577",-24.8%,103,The Chronicles of Narnia,52
2005,Dec. 2329,"$281,997,273",+44.4%,"$313,949,810",+46.3%,93,The Chronicles of Narnia,51
2005,Dec. 1622,"$195,325,543",+21.6%,"$214,575,082",+24.2%,107,King Kong,50
2005,Dec. 915,"$160,665,076",+69.0%,"$172,826,019",+58.5%,134,The Chronicles of Narnia,49
2005,Dec. 28,"$95,054,786",-46.0%,"$109,057,911",-44.4%,137,Harry Potter / Goblet of Fire,48
2005,Nov. 25Dec. 1,"$175,969,015",-32.6%,"$196,085,780",-31.2%,128,Harry Potter / Goblet of Fire,47
2005,Nov. 1824,"$261,119,650",+96.8%,"$284,955,028",+87.5%,142,Harry Potter / Goblet of Fire,46
2005,Nov. 1117,"$132,662,859",-13.5%,"$151,964,068",-14.0%,144,Chicken Little,45
2005,Nov. 410,"$153,442,907",+34.0%,"$176,720,913",+30.1%,136,Chicken Little,44
2005,Oct. 28Nov. 3,"$114,496,649",+30.4%,"$135,833,962",+20.2%,144,Saw II,43
2005,Oct. 2127,"$87,810,247",-3.6%,"$113,036,968",-,143,Doom,42
2005,Oct. 1420,"$91,079,079",-23.2%,"$113,084,527",-20.5%,141,The Fog (2005),41
2005,Oct. 713,"$118,593,396",+22.8%,"$142,177,761",+23.9%,147,Wallace & Gromit,40
2005,Sep. 30Oct. 6,"$96,566,608",-12.0%,"$114,799,346",-8.9%,148,Flightplan,39
2005,Sep. 2329,"$109,734,085",+23.5%,"$126,031,680",+17.0%,143,Flightplan,38
2005,Sep. 1622,"$88,837,826",-4.9%,"$107,691,870",-2.5%,142,Just Like Heaven,37
2005,Sep. 915,"$93,421,032",-16.2%,"$110,491,833",-17.9%,138,The Exorcism of Emily Rose,36
2005,Sep. 28,"$111,432,460",-2.1%,"$134,642,645",-0.6%,134,Transporter 2,35
2005,Aug. 26Sep. 1,"$113,774,087",-19.2%,"$135,457,184",-16.7%,136,The 40-Year-Old Virgin,34
2005,Aug. 1925,"$140,854,306",-8.4%,"$162,612,842",-8.4%,122,The 40-Year-Old Virgin,33
2005,Aug. 1218,"$153,680,591",-2.4%,"$177,537,610",+0.7%,126,Four Brothers,32
2005,Aug. 511,"$157,450,454",-9.2%,"$176,267,982",-8.1%,134,The Dukes of Hazzard,31
2005,Jul. 29Aug. 4,"$173,380,251",-12.8%,"$191,840,929",-11.4%,128,Wedding Crashers,30
2005,Jul. 2228,"$198,830,111",-16.7%,"$216,578,946",-14.3%,128,Charlie and the Chocolate Factory,29
2005,Jul. 1521,"$238,683,532",+18.1%,"$252,658,147",+16.2%,125,Charlie and the Chocolate Factory,28
2005,Jul. 814,"$202,170,278",-6.7%,"$217,495,971",-6.1%,124,Fantastic Four (2005),27
2005,Jul. 17,"$216,757,369",+3.1%,"$231,678,828",+1.9%,131,War of the Worlds,26
2005,Jun. 2430,"$210,330,369",+8.2%,"$227,345,286",+10.3%,138,Batman Begins,25
2005,Jun. 1723,"$194,419,702",-9.8%,"$206,201,697",-9.3%,136,Batman Begins,24
2005,Jun. 1016,"$215,571,854",+23.0%,"$227,278,917",+24.6%,139,Mr. & Mrs. Smith,23
2005,Jun. 39,"$175,281,213",-35.3%,"$182,384,542",-34.9%,126,Madagascar,22
2005,May 27Jun. 2,"$270,813,558",+23.7%,"$279,978,833",+23.2%,130,Revenge of the Sith,21
2005,May 2026,"$218,903,153",+31.4%,"$227,332,213",+26.6%,132,Revenge of the Sith,20
2005,May 1319,"$166,643,491",+64.2%,"$179,594,096",+58.7%,142,Revenge of the Sith,19
2005,May 612,"$101,493,194",+1.4%,"$113,142,234",+0.2%,139,Kingdom of Heaven,18
2005,Apr. 29May5,"$100,050,479",-3.9%,"$112,874,640",-4.9%,140,Hitchhiker's Guide to the Galaxy,17
2005,Apr. 2228,"$104,085,530",+10.1%,"$118,680,249",+10.9%,132,The Interpreter,16
2005,Apr. 1521,"$94,569,130",-4.7%,"$107,007,172",-4.1%,131,The Amityville Horror (2005),15
2005,Apr. 814,"$99,193,622",-18.3%,"$111,590,197",-16.1%,128,Sahara,14
2005,Apr. 17,"$121,427,663",-7.2%,"$132,976,393",-9.8%,132,Sin City,13
2005,Mar. 2531,"$130,852,332",-9.7%,"$147,441,883",-9.5%,134,Guess Who,12
2005,Mar. 1824,"$144,954,724",+8.2%,"$162,866,110",+7.5%,127,The Ring Two,11
2005,Mar. 1117,"$133,987,718",+0.2%,"$151,479,470",-0.6%,129,Robots,10
2005,Mar. 410,"$133,712,500",+3.8%,"$152,314,032",-0.3%,119,The Pacifier,9
2005,Feb. 25Mar. 3,"$128,872,413",-19.6%,"$152,711,472",-17.8%,119,Tyler Perry's Diary of a Mad Black Woman,8
2005,Feb. 1824,"$160,188,556",+17.0%,"$185,738,004",+16.1%,125,Hitch,7
2005,Feb. 1117,"$136,951,512",+25.2%,"$159,992,268",+22.6%,120,Hitch,6
2005,Feb. 410,"$109,371,275",-15.4%,"$130,491,319",-15.0%,116,Boogeyman,5
2005,Jan. 28Feb. 3,"$129,345,933",+19.5%,"$153,481,195",+18.6%,111,Hide and Seek,4
2005,Jan. 2127,"$108,246,907",-32.5%,"$129,377,327",-32.9%,109,Are We There Yet?,3
2005,Jan. 1420,"$160,344,891",+30.9%,"$192,883,501",+27.7%,95,Coach Carter,2
2005,Jan. 713,"$122,477,572",-24.0%,"$150,997,898",-21.9%,103,Meet the Fockers,1
2006,Dec. 29Jan. 4,"$239,609,444",-18.6%,"$272,913,202",-18.7%,103,Night at the Museum,52
2006,Dec. 2228,"$294,371,812",+71.6%,"$335,705,661",+76.2%,96,Night at the Museum,51
2006,Dec. 1521,"$171,564,721",+50.7%,"$190,519,722",+48.9%,112,The Pursuit of Happyness,50
2006,Dec. 814,"$113,838,538",+12.5%,"$127,941,774",+8.0%,125,Apocalypto,49
2006,Dec. 17,"$101,183,327",-41.4%,"$118,451,028",-38.6%,124,Happy Feet,48
2006,Nov. 2430,"$172,608,175",-18.1%,"$192,773,683",-18.7%,121,Happy Feet,47
2006,Nov. 1723,"$210,646,101",+52.8%,"$237,016,449",+49.9%,132,Casino Royale,46
2006,Nov. 1016,"$137,862,075",-8.1%,"$158,077,676",-8.3%,132,Borat,45
2006,Nov. 39,"$150,048,581",+31.2%,"$172,325,590",+25.1%,135,Borat,44
2006,Oct. 27Nov. 2,"$114,328,997",+1.9%,"$137,769,320",+2.0%,130,Saw III,43
2006,Oct. 2026,"$112,239,516",-9.5%,"$135,044,388",-3.7%,129,The Prestige,42
2006,Oct. 1319,"$124,060,476",-6.8%,"$140,282,849",-5.5%,140,The Departed,41
2006,Oct. 612,"$133,112,092",+22.8%,"$148,472,270",+17.6%,141,The Departed,40
2006,Sep. 29Oct. 5,"$108,357,868",+4.8%,"$126,231,487",+1.9%,138,Open Season,39
2006,Sep. 2228,"$103,443,366",+34.5%,"$123,848,404",+25.6%,139,Jackass: Number Two,38
2006,Sep. 1521,"$76,890,095",+9.9%,"$98,601,462",+6.4%,138,Gridiron Gang,37
2006,Sep. 814,"$69,935,429",-37.6%,"$92,681,094",-37.0%,130,The Covenant,36
2006,Sep. 17,"$112,112,833",-2.6%,"$147,023,314",+4.3%,133,Invincible,35
2006,Aug. 2531,"$115,052,792",-9.6%,"$140,935,955",-9.4%,130,Invincible,34
2006,Aug. 1824,"$127,208,396",-20.1%,"$155,482,166",-18.8%,138,Talladega Nights,33
2006,Aug. 1117,"$159,137,409",-14.2%,"$191,362,903",-12.7%,133,Talladega Nights,32
2006,Aug. 410,"$185,511,917",+3.9%,"$219,105,930",+8.4%,127,Talladega Nights,31
2006,Jul. 28Aug. 3,"$178,514,871",-14.6%,"$202,057,568",-9.1%,122,Miami Vice,30
2006,Jul. 2127,"$209,103,485",-6.5%,"$222,285,366",-6.7%,131,Dead Man's Chest,29
2006,Jul. 1420,"$223,610,914",-28.3%,"$238,346,414",-26.8%,122,Dead Man's Chest,28
2006,Jul. 713,"$311,799,413",+24.9%,"$325,580,377",+21.1%,120,Dead Man's Chest,27
2006,Jun. 30Jul. 6,"$249,726,086",+14.7%,"$268,848,621",+13.4%,116,Superman Returns,26
2006,Jun. 2329,"$217,796,401",+2.2%,"$237,074,234",+5.8%,135,Click,25
2006,Jun. 1622,"$213,047,960",+3.9%,"$224,188,245",+4.0%,126,Cars,24
2006,Jun. 915,"$205,034,006",+5.2%,"$215,576,910",+4.9%,126,Cars,23
2006,Jun. 28,"$194,907,453",-28.6%,"$205,482,020",-28.2%,123,The Break-Up,22
2006,May 26Jun. 1,"$273,145,371",+34.0%,"$286,081,818",+32.5%,125,X-Men: The Last Stand,21
2006,May 1925,"$203,912,921",+89.4%,"$215,985,043",+69.6%,132,The Da Vinci Code,20
2006,May 1218,"$107,663,868",-14.2%,"$127,389,306",-9.3%,133,Mission: Impossible III,19
2006,May 511,"$125,482,068",+13.0%,"$140,437,431",+10.2%,134,Mission: Impossible III,18
2006,Apr. 28May4,"$111,024,861",-9.3%,"$127,430,086",-5.3%,145,RV,17
2006,Apr. 2127,"$122,468,620",-17.0%,"$134,625,457",-16.9%,139,Silent Hill,16
2006,Apr. 1420,"$147,517,283",+7.3%,"$162,083,292",+4.9%,141,Scary Movie 4,15
2006,Apr. 713,"$137,437,991",-15.6%,"$154,563,494",-12.6%,130,Ice Age 2,14
2006,Mar. 31Apr. 6,"$162,863,540",+30.2%,"$176,783,999",+24.9%,131,Ice Age 2,13
2006,Mar. 2430,"$125,047,543",+4.5%,"$141,587,260",+1.8%,124,Inside Man,12
2006,Mar. 1723,"$119,655,347",-4.9%,"$139,109,650",-7.1%,133,V for Vendetta,11
2006,Mar. 1016,"$125,865,890",+23.4%,"$149,783,411",+16.4%,124,Failure to Launch,10
2006,Mar. 39,"$102,035,624",-15.7%,"$128,706,689",-12.8%,129,16 Blocks,9
2006,Feb. 24Mar. 2,"$121,092,172",-22.5%,"$147,624,529",-20.0%,131,Madea's Family Reunion,8
2006,Feb. 1723,"$156,194,360",+17.4%,"$184,447,287",+15.7%,123,Eight Below,7
2006,Feb. 1016,"$133,053,148",+34.5%,"$159,456,409",+22.0%,119,Final Destination 3,6
2006,Feb. 39,"$98,945,374",-18.8%,"$130,707,262",-17.2%,121,When a Stranger Calls,5
2006,Jan. 27Feb. 2,"$121,817,706",+4.2%,"$157,803,091",+3.9%,110,Big Momma's House 2,4
2006,Jan. 2026,"$116,901,134",-18.1%,"$151,900,940",-14.6%,107,Underworld: Evolution,3
2006,Jan. 1319,"$142,703,028",+6.0%,"$177,921,887",+8.4%,102,Glory Road,2
2006,Jan. 612,"$134,656,698",-34.6%,"$164,138,387",-30.4%,95,Hostel,1
2007,Dec. 28Jan. 3,"$293,386,595",-11.0%,"$326,085,184",-9.8%,90,National Treasure: Book of Secrets,52
2007,Dec. 2127,"$329,486,400",+62.4%,"$361,370,782",+66.5%,86,National Treasure: Book of Secrets,51
2007,Dec. 1420,"$202,949,121",+118.0%,"$217,076,321",+102.5%,104,I Am Legend,50
2007,Dec. 713,"$93,076,986",-1.8%,"$107,221,399",+0.5%,127,The Golden Compass,49
2007,Nov. 30Dec. 6,"$94,739,396",-46.5%,"$106,660,520",-44.2%,123,Enchanted,48
2007,Nov. 2329,"$177,083,044",+7.9%,"$191,220,949",-0.8%,120,Enchanted,47
2007,Nov. 1622,"$164,148,262",+29.1%,"$192,826,142",+29.3%,124,Beowulf,46
2007,Nov. 915,"$127,184,728",-17.1%,"$149,088,389",-13.0%,129,Bee Movie,45
2007,Nov. 28,"$153,473,974",+35.9%,"$171,360,977",+23.7%,115,American Gangster,44
2007,Oct. 26Nov. 1,"$112,909,393",+12.3%,"$138,506,313",+10.1%,131,Saw IV,43
2007,Oct. 1925,"$100,540,375",-7.2%,"$125,805,289",-3.3%,142,30 Days of Night,42
2007,Oct. 1218,"$108,358,386",+20.4%,"$130,118,965",+13.2%,140,Why Did I Get Married?,41
2007,Oct. 511,"$89,979,538",-6.2%,"$114,918,126",-1.1%,134,The Game Plan,40
2007,Sep. 28Oct. 4,"$95,888,829",-3.6%,"$116,239,376",-5.0%,134,The Game Plan,39
2007,Sep. 2127,"$99,481,643",+20.5%,"$122,333,751",+20.6%,136,Resident Evil: Extinction,38
2007,Sep. 1420,"$82,565,724",-3.3%,"$101,431,230",-3.4%,138,The Brave One,37
2007,Sep. 713,"$85,369,367",-38.0%,"$104,968,835",-38.0%,128,3:10 to Yuma (2007),36
2007,Aug. 31Sep. 6,"$137,646,791",+13.7%,"$169,167,786",+11.9%,115,Halloween (2007),35
2007,Aug. 2430,"$121,060,257",-29.0%,"$151,197,801",-22.8%,120,Superbad,34
2007,Aug. 1723,"$170,475,134",-15.8%,"$195,886,816",-13.0%,121,Superbad,33
2007,Aug. 1016,"$202,386,649",-18.7%,"$225,142,942",-16.7%,109,Rush Hour 3,32
2007,Aug. 39,"$248,840,146",-1.4%,"$270,307,409",-0.4%,108,The Bourne Ultimatum,31
2007,Jul. 27Aug. 2,"$252,382,196",+11.5%,"$271,391,493",+13.0%,112,The Simpsons Movie,30
2007,Jul. 2026,"$226,460,109",-13.0%,"$240,114,489",-12.8%,113,I Now Pronounce You Chuck and Larry,29
2007,Jul. 1319,"$260,290,423",-13.8%,"$275,248,310",-13.6%,121,Harry Potter / Phoenix,28
2007,Jul. 612,"$301,814,693",-6.5%,"$318,443,922",-7.7%,109,Transformers,27
2007,Jun. 29Jul. 5,"$322,842,027",+63.4%,"$344,818,906",+64.2%,110,Transformers,26
2007,Jun. 2228,"$197,566,284",-3.0%,"$209,989,259",-1.3%,124,Evan Almighty,25
2007,Jun. 1521,"$203,754,020",+9.3%,"$212,833,027",+9.3%,126,Fantastic Four 2,24
2007,Jun. 814,"$186,467,906",+3.1%,"$194,665,697",+1.9%,131,Ocean's Thirteen,23
2007,Jun. 17,"$180,854,641",-36.6%,"$190,990,058",-35.8%,121,Pirates of the Caribbean 3,22
2007,May 2531,"$285,286,720",+24.6%,"$297,539,264",+22.9%,116,Pirates of the Caribbean 3,21
2007,May 1824,"$228,996,303",+86.7%,"$242,038,430",+75.8%,128,Shrek the Third,20
2007,May 1117,"$122,679,826",-44.6%,"$137,675,941",-41.0%,133,Spider-Man 3,19
2007,May 410,"$221,496,184",+186.5%,"$233,221,750",+137.0%,134,Spider-Man 3,18
2007,Apr. 27May3,"$77,309,950",-16.1%,"$98,398,082",-12.7%,129,Disturbia,17
2007,Apr. 2026,"$92,127,836",-24.9%,"$112,767,029",-24.0%,128,Disturbia,16
2007,Apr. 1319,"$122,654,071",-19.6%,"$148,328,528",-14.0%,118,Disturbia,15
2007,Apr. 612,"$152,629,388",-6.5%,"$172,380,165",-7.8%,123,Blades of Glory,14
2007,Mar. 30Apr. 5,"$163,313,188",+6.1%,"$186,965,044",+8.0%,120,Blades of Glory,13
2007,Mar. 2329,"$153,961,695",+11.4%,"$173,163,089",+11.2%,121,TMNT,12
2007,Mar. 1622,"$138,173,517",-26.2%,"$155,704,284",-24.8%,115,300,11
2007,Mar. 915,"$187,263,516",+38.6%,"$207,073,592",+32.7%,113,300,10
2007,Mar. 28,"$135,092,284",+9.9%,"$156,052,657",+7.4%,114,Wild Hogs,9
2007,Feb. 23Mar. 1,"$122,980,227",-36.3%,"$145,339,995",-33.6%,108,Ghost Rider,8
2007,Feb. 1622,"$193,191,162",+59.3%,"$218,886,621",+41.9%,102,Ghost Rider,7
2007,Feb. 915,"$121,263,100",+35.6%,"$154,250,838",+30.7%,113,Norbit,6
2007,Feb. 28,"$89,449,238",-18.5%,"$118,067,035",-20.5%,117,The Messengers,5
2007,Jan. 26Feb. 1,"$109,779,643",+20.4%,"$148,480,807",+15.7%,109,Epic Movie,4
2007,Jan. 1925,"$91,194,774",-31.3%,"$128,377,546",-26.0%,103,Stomp the Yard,3
2007,Jan. 1218,"$132,667,606",+2.4%,"$173,435,671",+3.9%,103,Stomp the Yard,2
2007,Jan. 511,"$129,576,585",-45.9%,"$166,868,782",-38.9%,104,Night at the Museum,1
2008,Dec. 26Jan. 1,"$337,845,443",+89.8%,"$383,425,388",+80.8%,89,Marley and Me,52
2008,Dec. 1925,"$178,018,906",+63.0%,"$212,027,468",+72.5%,103,Yes Man,51
2008,Dec. 1218,"$109,202,363",+9.6%,"$122,889,599",+13.9%,109,The Day the Earth Stood Still,50
2008,Dec. 511,"$99,610,259",-46.0%,"$107,876,766",-44.4%,120,Four Christmases,49
2008,Nov. 28Dec. 4,"$184,305,529",-25.4%,"$194,142,940",-26.3%,107,Four Christmases,48
2008,Nov. 2127,"$246,892,866",+48.7%,"$263,344,410",+45.8%,122,Twilight,47
2008,Nov. 1420,"$166,007,628",-2.5%,"$180,676,613",-5.6%,131,Quantum of Solace,46
2008,Nov. 713,"$170,188,092",+72.7%,"$191,312,919",+62.5%,136,Madagascar: Escape 2 Africa,45
2008,Oct. 31Nov. 6,"$98,576,827",-31.5%,"$117,711,243",-28.2%,144,High School Musical 3,44
2008,Oct. 2430,"$143,845,109",+33.4%,"$163,871,199",+27.2%,138,High School Musical 3,43
2008,Oct. 1723,"$107,853,968",-6.9%,"$128,872,602",-6.7%,137,Max Payne,42
2008,Oct. 1016,"$115,788,275",-3.7%,"$138,053,824",-5.4%,140,Beverly Hills Chihuahua,41
2008,Oct. 39,"$120,224,718",+6.2%,"$145,920,333",+11.1%,129,Beverly Hills Chihuahua,40
2008,Sep. 26Oct. 2,"$113,162,635",+16.9%,"$131,345,167",+15.5%,135,Eagle Eye,39
2008,Sep. 1925,"$96,845,821",-12.7%,"$113,737,662",-12.8%,135,Lakeview Terrace,38
2008,Sep. 1218,"$110,882,365",+69.8%,"$130,409,848",+48.6%,131,Burn After Reading,37
2008,Sep. 511,"$65,314,592",-38.9%,"$87,753,870",-38.5%,129,Bangkok Dangerous,36
2008,Aug. 29Sep. 4,"$106,967,356",-12.6%,"$142,741,469",-4.5%,124,Tropic Thunder,35
2008,Aug. 2228,"$122,405,605",-25.8%,"$149,399,242",-19.9%,123,Tropic Thunder,34
2008,Aug. 1521,"$164,859,359",-8.0%,"$186,477,725",-5.2%,126,Tropic Thunder,33
2008,Aug. 814,"$179,229,070",-24.2%,"$196,694,829",-23.0%,124,The Dark Knight,32
2008,Aug. 17,"$236,527,772",-11.3%,"$255,492,464",-8.2%,128,The Dark Knight,31
2008,Jul. 2531,"$266,590,118",-31.3%,"$278,168,136",-30.3%,126,The Dark Knight,30
2008,Jul. 1824,"$387,971,914",+85.8%,"$399,148,168",+80.9%,125,The Dark Knight,29
2008,Jul. 1117,"$208,827,940",-9.9%,"$220,612,387",-9.3%,131,Hellboy II,28
2008,Jul. 410,"$231,821,560",-23.5%,"$243,286,058",-22.7%,125,Hancock,27
2008,Jun. 27Jul. 3,"$302,940,963",+48.0%,"$314,909,859",+48.3%,129,WALL-E,26
2008,Jun. 2026,"$204,708,288",-18.3%,"$212,420,940",-17.4%,123,Get Smart,25
2008,Jun. 1319,"$250,538,035",+4.1%,"$257,194,828",+3.8%,131,The Incredible Hulk,24
2008,Jun. 612,"$240,783,367",+7.4%,"$247,687,695",+7.3%,124,Kung Fu Panda,23
2008,May 30Jun. 5,"$224,160,649",-9.8%,"$230,854,522",-9.9%,133,Sex and the City,22
2008,May 2329,"$248,456,017",+34.0%,"$256,162,363",+31.4%,130,Indiana Jones 4,21
2008,May 1622,"$185,467,138",+23.2%,"$194,989,641",+21.0%,141,The Chronicles of Narnia: Prince Caspian,20
2008,May 915,"$150,563,225",-20.8%,"$161,117,404",-20.0%,134,Iron Man,19
2008,May 28,"$189,988,296",+84.8%,"$201,322,833",+67.5%,137,Iron Man,18
2008,Apr. 25May1,"$102,826,138",-4.1%,"$120,191,813",-1.8%,145,Baby Mama,17
2008,Apr. 1824,"$107,167,290",+8.8%,"$122,425,790",+3.8%,137,The Forbidden Kingdom,16
2008,Apr. 1117,"$98,548,844",-2.8%,"$117,982,354",-3.6%,131,Prom Night (2008),15
2008,Apr. 410,"$101,421,102",-11.6%,"$122,353,072",-11.1%,133,21,14
2008,Mar. 28Apr. 3,"$114,724,885",-18.4%,"$137,583,847",-15.8%,125,21,13
2008,Mar. 2127,"$140,620,200",-4.0%,"$163,367,357",-3.4%,121,Horton Hears a Who!,12
2008,Mar. 1420,"$146,476,504",+25.0%,"$169,138,995",+21.4%,128,Horton Hears a Who!,11
2008,Mar. 713,"$117,179,679",+16.6%,"$139,272,509",+11.9%,121,"10,000 B.C.",10
2008,Feb. 29Mar. 6,"$100,509,698",-9.7%,"$124,468,161",-9.8%,120,Semi-Pro,9
2008,Feb. 2228,"$111,267,446",-32.1%,"$138,050,795",-29.6%,114,Vantage Point,8
2008,Feb. 1521,"$163,751,992",+35.5%,"$196,010,528",+19.7%,106,Jumper,7
2008,Feb. 814,"$120,813,416",-9.4%,"$163,776,227",-2.3%,109,Fool's Gold,6
2008,Feb. 17,"$133,371,870",-8.5%,"$167,568,228",-6.7%,108,Hannah Montana,5
2008,Jan. 2531,"$145,729,413",-20.4%,"$179,645,198",-17.3%,110,Rambo,4
2008,Jan. 1824,"$182,969,163",+35.5%,"$217,302,377",+30.8%,106,Cloverfield,3
2008,Jan. 1117,"$135,020,528",-11.9%,"$166,150,636",-6.8%,100,The Bucket List,2
2008,Jan. 410,"$153,272,327",-47.8%,"$178,299,056",-45.3%,91,National Treasure: Book of Secrets,1
2009,Dec. 2531,"$485,459,337",+89.0%,"$505,152,202",+84.3%,82,Avatar,52
2009,Dec. 1824,"$256,828,223",+122.0%,"$274,043,021",+111.8%,96,Avatar,51
2009,Dec. 1117,"$115,672,382",-1.4%,"$129,382,686",+0.3%,110,The Princess and the Frog,50
2009,Dec. 410,"$117,329,834",-44.3%,"$129,012,238",-42.7%,116,The Blind Side,49
2009,Nov. 27Dec. 3,"$210,674,204",-43.0%,"$225,286,236",-42.2%,115,New Moon,48
2009,Nov. 2026,"$369,263,683",+128.3%,"$389,986,304",+122.0%,133,New Moon,47
2009,Nov. 1319,"$161,750,043",+11.2%,"$175,682,377",+6.9%,133,2012,46
2009,Nov. 612,"$145,457,371",+28.9%,"$164,401,941",+32.1%,130,A Christmas Carol,45
2009,Oct. 30Nov. 5,"$112,888,206",-21.3%,"$124,451,582",-21.5%,137,Michael Jackson's This Is It,44
2009,Oct. 2329,"$143,517,101",-11.3%,"$158,521,368",-10.3%,133,Paranormal Activity,43
2009,Oct. 1622,"$161,787,474",+23.2%,"$176,734,228",+16.4%,136,Where the Wild Things Are,42
2009,Oct. 915,"$131,324,751",+12.4%,"$151,809,513",+10.5%,136,Couples Retreat,41
2009,Oct. 28,"$116,800,054",+11.9%,"$137,344,108",+10.4%,133,Zombieland,40
2009,Sep. 25Oct. 1,"$104,402,534",-4.8%,"$124,402,130",-3.7%,141,Cloudy with a Chance of Meatballs,39
2009,Sep. 1824,"$109,604,688",+13.3%,"$129,224,097",+9.5%,137,Cloudy with a Chance of Meatballs,38
2009,Sep. 1117,"$96,761,106",-19.3%,"$117,978,152",-20.2%,127,I Can Do Bad All By Myself,37
2009,Sep. 410,"$119,903,210",-17.2%,"$147,803,169",-10.9%,114,The Final Destination,36
2009,Aug. 28Sep. 3,"$144,758,768",-8.4%,"$165,882,383",-8.4%,114,The Final Destination,35
2009,Aug. 2127,"$158,022,179",-15.5%,"$181,005,805",-15.6%,122,Inglourious Basterds,34
2009,Aug. 1420,"$187,080,394",-5.3%,"$214,480,433",-3.2%,121,District 9,33
2009,Aug. 713,"$197,619,272",+14.7%,"$221,648,143",+14.0%,115,G.I. Joe: The Rise of Cobra,32
2009,Jul. 31Aug. 6,"$172,353,849",-21.5%,"$194,503,657",-17.7%,120,Funny People,31
2009,Jul. 2430,"$219,407,649",-5.2%,"$236,245,623",-3.6%,115,G-Force,30
2009,Jul. 1723,"$231,361,679",-16.1%,"$245,101,035",-15.7%,111,Harry Potter 6,29
2009,Jul. 1016,"$275,889,711",+11.8%,"$290,753,157",+12.6%,109,Harry Potter 6,28
2009,Jul. 39,"$246,746,575",-25.6%,"$258,154,059",-25.7%,107,Ice Age 3,27
2009,Jun. 26Jul. 2,"$331,728,640",+11.9%,"$347,587,297",+12.4%,117,Transformers 2,26
2009,Jun. 1925,"$296,548,356",+47.4%,"$309,178,709",+46.7%,125,Transformers 2,25
2009,Jun. 1218,"$201,138,244",-15.4%,"$210,709,464",-14.1%,127,The Hangover,24
2009,Jun. 511,"$237,617,664",+7.6%,"$245,147,072",+7.3%,121,The Hangover,23
2009,May 29Jun. 4,"$220,887,751",-11.9%,"$228,584,166",-12.5%,109,Up,22
2009,May 2228,"$250,797,595",+36.7%,"$261,125,549",+34.3%,115,Night at the Museum II,21
2009,May 1521,"$183,507,710",-2.2%,"$194,386,999",-1.4%,115,Angels & Demons,20
2009,May 814,"$187,588,018",+0.1%,"$197,207,527",-1.2%,118,Star Trek,19
2009,May 17,"$187,454,684",+44.0%,"$199,539,214",+39.4%,109,X-Men Origins: Wolverine,18
2009,Apr. 2430,"$130,178,001",+0.6%,"$143,145,391",+0.5%,116,Obsessed,17
2009,Apr. 1723,"$129,355,236",-24.3%,"$142,375,825",-21.9%,126,17 Again,16
2009,Apr. 1016,"$170,874,774",-14.2%,"$182,357,504",-12.8%,112,Hannah Montana The Movie,15
2009,Apr. 39,"$199,224,226",+14.8%,"$209,146,924",+13.6%,109,Fast and Furious,14
2009,Mar. 27Apr. 2,"$173,619,872",+37.5%,"$184,041,250",+32.2%,110,Monsters Vs. Aliens,13
2009,Mar. 2026,"$126,232,489",+7.8%,"$139,213,571",+2.6%,111,Knowing,12
2009,Mar. 1319,"$117,101,932",-8.3%,"$135,750,954",-8.3%,106,Race to Witch Mountain,11
2009,Mar. 612,"$127,651,677",+18.2%,"$148,097,653",+5.3%,110,Watchmen,10
2009,Feb. 27Mar. 5,"$108,031,582",-27.1%,"$140,646,955",-21.1%,101,Madea Goes to Jail,9
2009,Feb. 2026,"$148,253,096",-31.8%,"$178,175,458",-30.0%,99,Madea Goes to Jail,8
2009,Feb. 1319,"$217,254,955",+34.3%,"$254,606,669",+32.0%,97,Friday the 13th (2009),7
2009,Feb. 612,"$161,775,818",+23.0%,"$192,862,838",+17.2%,96,He's Just Not That Into You,6
2009,Jan. 30Feb. 5,"$131,554,733",-18.2%,"$164,544,254",-18.0%,94,Taken,5
2009,Jan. 2329,"$160,867,991",-28.3%,"$200,727,151",-24.3%,93,Paul Blart: Mall Cop,4
2009,Jan. 1622,"$224,243,897",+37.1%,"$265,145,090",+40.3%,95,Paul Blart: Mall Cop,3
2009,Jan. 915,"$163,586,571",-0.8%,"$189,012,291",-2.7%,93,Gran Torino,2
2009,Jan. 28,"$164,897,234",-51.2%,"$194,232,062",-49.3%,91,Marley and Me,1
2010,Dec. 31Jan. 6,"$200,991,078",-35.7%,"$216,585,436",-34.9%,101,Little Fockers,53
2010,Dec. 2430,"$312,444,494",+34.2%,"$332,898,466",+33.5%,100,Little Fockers,52
2010,Dec. 1723,"$232,845,467",+107.3%,"$249,283,195",+101.9%,118,Tron Legacy,51
2010,Dec. 1016,"$112,345,253",+11.4%,"$123,480,893",+10.0%,126,Chronicles of Narnia 3,50
2010,Dec. 39,"$100,861,156",-50.5%,"$112,248,799",-48.2%,119,Tangled,49
2010,Nov. 26Dec. 2,"$203,631,483",-29.2%,"$216,691,870",-29.6%,109,Harry Potter / Deathly Hallows (P1),48
2010,Nov. 1925,"$287,580,813",+107.5%,"$307,994,784",+103.0%,126,Harry Potter / Deathly Hallows (P1),47
2010,Nov. 1218,"$138,598,644",-26.1%,"$151,746,131",-26.3%,127,Megamind,46
2010,Nov. 511,"$187,549,578",+62.7%,"$205,751,030",+60.7%,131,Megamind,45
2010,Oct. 29Nov. 4,"$115,298,041",-24.0%,"$128,027,693",-24.0%,132,Saw 3D,44
2010,Oct. 2228,"$151,762,912",-3.0%,"$168,345,020",-2.7%,134,Paranormal Activity 2,43
2010,Oct. 1521,"$156,429,960",+39.4%,"$172,953,966",+34.1%,153,Jackass 3-D,42
2010,Oct. 814,"$112,217,268",-0.4%,"$129,022,876",+3.3%,147,The Social Network,41
2010,Oct. 17,"$112,708,396",-4.1%,"$124,943,726",-4.8%,147,The Social Network,40
2010,Sep. 2430,"$117,541,553",+3.6%,"$131,297,959",-,142,Wall Street 2,39
2010,Sep. 1723,"$113,504,804",+31.7%,"$131,315,980",+22.4%,146,The Town,38
2010,Sep. 1016,"$86,183,900",-26.8%,"$107,277,183",-30.4%,137,Resident Evil: Afterlife,37
2010,Sep. 39,"$117,757,771",-7.1%,"$154,077,302",-2.4%,123,The American,36
2010,Aug. 27Sep. 2,"$126,733,190",-19.1%,"$157,922,034",-14.0%,122,Takers,35
2010,Aug. 2026,"$156,706,304",-21.5%,"$183,640,372",-17.0%,121,The Expendables,34
2010,Aug. 1319,"$199,711,672",+6.6%,"$221,293,261",+7.8%,113,The Expendables,33
2010,Aug. 612,"$187,428,502",-12.4%,"$205,378,923",-10.3%,112,The Other Guys,32
2010,Jul. 30Aug. 5,"$213,952,981",-9.4%,"$228,839,878",-7.7%,110,Inception,31
2010,Jul. 2329,"$236,155,427",-12.1%,"$247,815,993",-11.5%,107,Inception,30
2010,Jul. 1622,"$268,777,486",-4.1%,"$279,914,363",-4.7%,112,Inception,29
2010,Jul. 915,"$280,345,898",-12.6%,"$293,653,852",-12.4%,113,Despicable Me,28
2010,Jul. 28,"$320,750,860",-5.5%,"$335,172,222",-6.0%,112,The Twilight Saga: Eclipse,27
2010,Jun. 25Jul. 1,"$339,422,140",+15.9%,"$356,533,903",+15.9%,113,The Twilight Saga: Eclipse,26
2010,Jun. 1824,"$292,843,000",+40.6%,"$307,693,964",+40.8%,121,Toy Story 3,25
2010,Jun. 1117,"$208,314,761",+18.3%,"$218,552,490",+17.4%,120,The Karate Kid,24
2010,Jun. 410,"$176,171,548",-21.4%,"$186,227,008",-20.8%,125,Shrek Forever After,23
2010,May 28Jun. 3,"$224,222,021",+12.8%,"$235,027,564",+11.6%,113,Shrek Forever After,22
2010,May 2127,"$198,763,326",+16.8%,"$210,670,414",+15.5%,119,Shrek Forever After,21
2010,May 1420,"$170,208,466",-21.0%,"$182,349,386",-20.0%,123,Iron Man 2,20
2010,May 713,"$215,314,133",+89.7%,"$227,852,785",+78.3%,123,Iron Man 2,19
2010,Apr. 30May6,"$113,517,847",-1.0%,"$127,824,621",-0.7%,119,Nightmare on Elm Street,18
2010,Apr. 2329,"$114,617,337",-19.6%,"$128,731,140",-17.2%,120,How to Train Your Dragon,17
2010,Apr. 1622,"$142,533,954",-4.1%,"$155,458,310",-2.8%,122,Kick-Ass,16
2010,Apr. 915,"$148,677,151",-37.1%,"$159,988,900",-36.1%,117,Clash of the Titans,15
2010,Apr. 28,"$236,516,090",+35.8%,"$250,317,263",+27.4%,118,Clash of the Titans,14
2010,Mar. 26Apr. 1,"$174,200,122",+17.9%,"$196,465,321",+19.4%,117,How to Train Your Dragon,13
2010,Mar. 1925,"$147,761,214",-19.6%,"$164,501,341",-18.1%,105,Alice in Wonderland,12
2010,Mar. 1218,"$183,809,402",-22.8%,"$200,920,662",-20.7%,113,Alice in Wonderland,11
2010,Mar. 511,"$237,942,328",+71.7%,"$253,477,639",+62.3%,110,Alice in Wonderland,10
2010,Feb. 26Mar. 4,"$138,555,599",-10.4%,"$156,158,775",-8.3%,112,Shutter Island,9
2010,Feb. 1925,"$154,622,652",-38.6%,"$170,329,690",-38.0%,109,Shutter Island,8
2010,Feb. 1218,"$251,874,775",+91.8%,"$274,907,497",+82.1%,100,Valentine's Day,7
2010,Feb. 511,"$131,292,913",-7.6%,"$150,970,408",-7.5%,105,Dear John,6
2010,Jan. 29Feb. 4,"$142,070,634",-13.7%,"$163,243,749",-12.3%,97,Avatar,5
2010,Jan. 2228,"$164,568,765",-27.4%,"$186,097,047",-24.6%,99,Avatar,4
2010,Jan. 1521,"$226,781,418",+15.7%,"$246,953,518",+16.3%,98,Avatar,3
2010,Jan. 814,"$196,014,312",-28.3%,"$212,326,473",-26.4%,91,Avatar,2
2010,Jan. 17,"$273,431,830",-43.7%,"$288,509,520",-42.9%,82,Avatar,1
2011,Dec. 30Jan. 5,"$222,015,759",-28.7%,"$248,070,722",-28.2%,100,Mission: Impossible 4,52
2011,Dec. 2329,"$311,419,997",+61.0%,"$345,401,912",+62.0%,99,Mission: Impossible 4,51
2011,Dec. 1622,"$193,437,392",+115.8%,"$213,257,413",+110.7%,107,Sherlock Holmes 2,50
2011,Dec. 915,"$89,639,619",-4.5%,"$101,221,075",-3.1%,117,New Year's Eve,49
2011,Dec. 28,"$93,815,529",-49.4%,"$104,461,189",-47.2%,108,Breaking Dawn Part 1,48
2011,Nov. 25Dec. 1,"$185,241,747",-38.8%,"$197,926,590",-39.9%,115,Breaking Dawn Part 1,47
2011,Nov. 1824,"$302,487,529",+95.9%,"$329,155,484",+95.5%,117,Breaking Dawn Part 1,46
2011,Nov. 1117,"$154,443,567",+16.1%,"$168,357,759",+13.9%,128,Immortals,45
2011,Nov. 410,"$133,042,315",+7.9%,"$147,877,592",+5.9%,142,Puss in Boots,44
2011,Oct. 28Nov. 3,"$123,275,420",-9.4%,"$139,629,888",-8.5%,142,Puss in Boots,43
2011,Oct. 2127,"$136,097,892",+35.6%,"$152,524,810",+31.5%,145,Paranormal Activity 3,42
2011,Oct. 1420,"$100,336,585",-13.5%,"$115,990,314",-11.3%,143,Real Steel,41
2011,Oct. 713,"$115,929,191",+1.0%,"$130,735,070",+2.3%,136,Real Steel,40
2011,Sep. 30Oct. 6,"$114,774,383",-17.3%,"$127,805,215",-17.3%,136,Dolphin Tale,39
2011,Sep. 2329,"$138,822,186",+20.8%,"$154,580,779",+13.4%,145,The Lion King (in 3D),38
2011,Sep. 1622,"$114,890,830",+33.0%,"$136,327,908",+24.7%,145,The Lion King (in 3D),37
2011,Sep. 915,"$86,410,783",-30.3%,"$109,344,057",-32.3%,143,Contagion,36
2011,Sep. 28,"$123,904,725",+14.9%,"$161,436,330",+17.8%,135,The Help,35
2011,Aug. 26Sep. 1,"$107,835,423",-29.3%,"$137,102,685",-23.7%,140,The Help,34
2011,Aug. 1925,"$152,442,498",-28.8%,"$179,630,399",-23.3%,135,The Help,33
2011,Aug. 1218,"$214,003,678",-11.5%,"$234,140,647",-9.5%,133,The Help,32
2011,Aug. 511,"$241,774,161",-7.2%,"$258,611,038",-6.0%,136,Rise of the Planet of the Apes,31
2011,Jul. 29Aug. 4,"$260,458,450",-3.4%,"$275,070,739",-3.4%,130,The Smurfs,30
2011,Jul. 2228,"$269,558,879",-24.6%,"$284,623,404",-24.2%,124,Captain America,29
2011,Jul. 1521,"$357,628,815",+64.5%,"$375,467,186",+60.4%,131,Harry Potter / Deathly Hallows (P2),28
2011,Jul. 814,"$217,361,851",-28.2%,"$234,042,101",-27.0%,128,Transformers 3,27
2011,Jul. 17,"$302,808,525",-0.4%,"$320,690,194",+1.2%,118,Transformers 3,26
2011,Jun. 2430,"$304,153,218",+40.9%,"$316,776,222",+39.9%,122,Cars 2,25
2011,Jun. 1723,"$215,901,893",+12.3%,"$226,489,480",+12.7%,115,Green Lantern,24
2011,Jun. 1016,"$192,211,016",-10.9%,"$200,969,938",-11.0%,110,Super 8,23
2011,Jun. 39,"$215,674,669",-32.3%,"$225,856,287",-31.6%,121,X-Men: First Class,22
2011,May 27Jun. 2,"$318,451,341",+31.7%,"$330,413,294",+28.7%,118,The Hangover Part II,21
2011,May 2026,"$241,789,555",+41.5%,"$256,839,013",+37.3%,128,Pirates of the Caribbean 4,20
2011,May 1319,"$170,931,010",-14.2%,"$187,076,463",-13.4%,135,Thor,19
2011,May 612,"$199,239,506",+10.5%,"$215,916,247",+8.2%,135,Thor,18
2011,Apr. 29May5,"$180,361,088",+13.7%,"$199,510,292",+10.8%,125,Fast Five,17
2011,Apr. 2228,"$158,606,927",-3.6%,"$180,044,569",-2.3%,135,Rio,16
2011,Apr. 1521,"$164,450,641",+28.5%,"$184,363,436",+26.3%,123,Rio,15
2011,Apr. 814,"$128,002,895",-13.1%,"$146,002,691",-10.4%,133,Hop,14
2011,Apr. 17,"$147,312,559",+5.5%,"$162,919,428",+3.2%,131,Hop,13
2011,Mar. 2531,"$139,592,834",+1.6%,"$157,826,809",+2.6%,128,Diary of a Wimpy Kid 2,12
2011,Mar. 1824,"$137,341,101",-14.8%,"$153,891,180",-14.1%,127,Limitless,11
2011,Mar. 1117,"$161,283,380",+6.8%,"$179,108,604",+6.4%,124,Battle: Los Angeles,10
2011,Mar. 410,"$150,960,550",+24.1%,"$168,411,861",+20.0%,110,Rango,9
2011,Feb. 25Mar. 3,"$121,665,662",-33.7%,"$140,374,919",-31.9%,111,Hall Pass,8
2011,Feb. 1824,"$183,430,891",+4.0%,"$206,117,972",+4.7%,112,Unknown,7
2011,Feb. 1117,"$176,450,940",+83.7%,"$196,852,386",+70.5%,119,Just Go With It,6
2011,Feb. 410,"$96,079,380",-18.2%,"$115,449,115",-17.3%,117,The Roommate,5
2011,Jan. 28Feb. 3,"$117,516,263",+0.7%,"$139,659,580",+3.2%,107,The Rite,4
2011,Jan. 2127,"$116,741,183",-28.2%,"$135,356,338",-26.8%,108,No Strings Attached,3
2011,Jan. 1420,"$162,623,664",+25.9%,"$185,019,520",+24.9%,113,The Green Hornet,2
2011,Jan. 713,"$129,148,801",-35.7%,"$148,114,155",-31.6%,106,True Grit,1
2012,Dec. 28Jan. 3,"$296,451,653",+4.1%,"$329,751,470",+3.3%,102,The Hobbit,52
2012,Dec. 2127,"$284,884,386",+59.2%,"$319,123,085",+65.4%,105,The Hobbit,51
2012,Dec. 1420,"$178,898,136",+85.6%,"$192,905,701",+77.1%,124,The Hobbit,50
2012,Dec. 713,"$96,410,449",-29.7%,"$108,922,741",-26.6%,130,Skyfall,49
2012,Nov. 30Dec. 6,"$137,112,832",-43.9%,"$148,475,526",-41.4%,116,Breaking Dawn Part 2,48
2012,Nov. 2329,"$244,598,128",-33.1%,"$253,549,138",-33.8%,112,Breaking Dawn Part 2,47
2012,Nov. 1622,"$365,601,088",+69.1%,"$382,985,355",+65.1%,127,Breaking Dawn Part 2,46
2012,Nov. 915,"$216,262,414",+36.0%,"$231,912,103",+29.0%,129,Skyfall,45
2012,Nov. 28,"$158,967,806",+45.9%,"$179,743,267",+41.8%,131,Wreck-It Ralph,44
2012,Oct. 26Nov. 1,"$108,940,208",-28.1%,"$126,723,065",-22.2%,132,Argo,43
2012,Oct. 1925,"$151,487,163",-2.9%,"$162,859,557",-3.6%,132,Paranormal Activity 4,42
2012,Oct. 1218,"$156,066,114",-11.5%,"$168,974,909",-11.0%,131,Taken 2,41
2012,Oct. 511,"$176,313,859",+30.5%,"$189,797,732",+24.6%,126,Taken 2,40
2012,Sep. 28Oct. 4,"$135,079,162",+37.5%,"$152,376,287",+26.7%,135,Hotel Transylvania,39
2012,Sep. 2127,"$98,274,411",+9.7%,"$120,240,569",+5.4%,136,End of Watch,38
2012,Sep. 1420,"$89,603,183",+30.5%,"$114,083,012",+27.2%,135,Resident Evil: Retribution,37
2012,Sep. 713,"$68,652,286",-46.0%,"$89,724,620",-42.5%,127,The Possession,36
2012,Aug. 31Sep. 6,"$127,107,353",+9.6%,"$156,149,036",+11.3%,117,The Possession,35
2012,Aug. 2430,"$115,997,872",-34.9%,"$140,243,460",-29.7%,125,The Expendables 2,34
2012,Aug. 1723,"$178,304,816",-8.8%,"$199,383,383",-6.8%,119,The Expendables 2,33
2012,Aug. 1016,"$195,474,872",+12.5%,"$213,835,068",+11.9%,125,The Bourne Legacy,32
2012,Aug. 39,"$173,762,020",-11.1%,"$191,141,965",-8.5%,120,The Dark Knight Rises,31
2012,Jul. 27Aug. 2,"$195,451,274",-40.4%,"$208,966,198",-38.5%,110,The Dark Knight Rises,30
2012,Jul. 2026,"$327,686,214",+41.0%,"$339,902,066",+34.1%,116,The Dark Knight Rises,29
2012,Jul. 1319,"$232,363,291",-15.4%,"$253,392,893",-14.7%,120,Ice Age: Continental Drift,28
2012,Jul. 612,"$274,525,269",-27.4%,"$297,105,366",-27.0%,114,The Amazing Spider-Man,27
2012,Jun. 29Jul. 5,"$378,076,964",+60.9%,"$407,139,329",+64.7%,111,Ted,26
2012,Jun. 2228,"$235,052,221",+27.1%,"$247,135,622",+25.3%,115,Brave,25
2012,Jun. 1521,"$184,980,011",-25.2%,"$197,217,988",-24.0%,119,Madagascar 3,24
2012,Jun. 814,"$247,189,628",+32.0%,"$259,426,192",+29.9%,137,Madagascar 3,23
2012,Jun. 17,"$187,318,202",-16.3%,"$199,793,228",-15.4%,128,Snow White and the Huntsman,22
2012,May 2531,"$223,701,648",+20.4%,"$236,071,113",+20.4%,129,MIB 3,21
2012,May 1824,"$185,840,002",-13.7%,"$196,098,556",-14.5%,129,The Avengers,20
2012,May 1117,"$215,342,419",-34.1%,"$229,215,430",-32.4%,137,The Avengers,19
2012,May 410,"$326,578,734",+162.9%,"$338,936,048",+137.2%,139,The Avengers,18
2012,Apr. 27May3,"$124,227,022",-23.4%,"$142,877,292",-18.7%,137,Think Like a Man,17
2012,Apr. 2026,"$162,215,714",+19.5%,"$175,634,454",+19.0%,139,Think Like a Man,16
2012,Apr. 1319,"$135,773,946",-18.0%,"$147,587,293",-16.5%,127,The Hunger Games,15
2012,Apr. 612,"$165,543,121",-17.3%,"$176,648,120",-17.4%,128,The Hunger Games,14
2012,Mar. 30Apr. 5,"$200,049,702",-22.9%,"$213,868,829",-22.1%,132,The Hunger Games,13
2012,Mar. 2329,"$259,493,335",+99.9%,"$274,488,466",+83.8%,128,The Hunger Games,12
2012,Mar. 1622,"$129,815,632",-20.9%,"$149,333,683",-20.2%,133,21 Jump Street,11
2012,Mar. 915,"$164,115,402",-14.2%,"$187,226,987",-12.1%,139,The Lorax,10
2012,Mar. 28,"$191,191,061",+33.5%,"$212,870,942",+25.2%,125,The Lorax,9
2012,Feb. 24Mar. 1,"$143,233,047",-28.4%,"$169,967,007",-25.4%,124,Act of Valor,8
2012,Feb. 1723,"$200,154,602",-13.7%,"$227,801,178",-12.5%,125,Safe House,7
2012,Feb. 1016,"$231,964,586",+90.7%,"$260,405,857",+72.3%,117,The Vow,6
2012,Feb. 39,"$121,617,851",-3.6%,"$151,149,413",-7.2%,112,Chronicle,5
2012,Jan. 27Feb. 2,"$126,210,309",-12.0%,"$162,946,338",-7.2%,112,The Grey,4
2012,Jan. 2026,"$143,393,310",-12.6%,"$175,635,273",-8.1%,117,Underworld Awakening,3
2012,Jan. 1319,"$164,013,276",+3.7%,"$191,051,103",+8.4%,108,Contraband,2
2012,Jan. 612,"$158,131,422",-28.8%,"$176,213,282",-29.0%,98,The Devil Inside,1
2013,Dec. 27Jan. 2,"$339,975,070",+7.0%,"$368,526,048",+6.1%,92,Frozen,52
2013,Dec. 2026,"$317,775,199",+60.4%,"$347,353,915",+65.3%,94,The Hobbit 2,51
2013,Dec. 1319,"$198,077,274",+74.3%,"$210,111,906",+67.6%,108,The Hobbit 2,50
2013,Dec. 612,"$113,662,661",-50.5%,"$125,398,163",-49.2%,104,Frozen,49
2013,Nov. 29Dec. 5,"$229,605,473",-31.6%,"$246,833,082",-30.7%,122,Catching Fire,48
2013,Nov. 2228,"$335,815,895",+123.5%,"$356,313,862",+120.7%,112,Catching Fire,47
2013,Nov. 1521,"$150,224,568",-28.7%,"$161,480,406",-27.2%,122,Thor: The Dark World,46
2013,Nov. 814,"$210,807,550",+36.9%,"$221,686,435",+33.5%,134,Thor: The Dark World,45
2013,Nov. 17,"$154,044,044",+23.0%,"$166,026,446",+21.5%,129,Ender's Game,44
2013,Oct. 2531,"$125,247,311",+2.4%,"$136,670,494",-0.6%,127,Bad Grandpa,43
2013,Oct. 1824,"$122,291,535",-18.1%,"$137,459,508",-15.9%,131,Gravity,42
2013,Oct. 1117,"$149,226,909",-3.5%,"$163,531,637",-4.0%,136,Gravity,41
2013,Oct. 410,"$154,556,086",+29.1%,"$170,345,774",+24.9%,137,Gravity,40
2013,Sep. 27Oct. 3,"$119,741,656",+27.1%,"$136,351,278",+20.6%,141,Cloudy with a Chance of Meatballs 2,39
2013,Sep. 2026,"$94,202,130",-15.5%,"$113,034,093",-13.5%,150,Prisoners,38
2013,Sep. 1319,"$111,471,450",+31.1%,"$130,656,324",+18.6%,150,Insidious Chapter 2,37
2013,Sep. 612,"$85,043,790",-38.4%,"$110,174,875",-40.8%,146,Riddick,36
2013,Aug. 30Sep. 5,"$138,019,453",+8.2%,"$186,117,764",+18.5%,126,The Butler,35
2013,Aug. 2329,"$127,575,497",-26.8%,"$157,049,740",-23.6%,125,The Butler,34
2013,Aug. 1622,"$174,355,615",-17.8%,"$205,634,617",-13.6%,125,The Butler,33
2013,Aug. 915,"$211,993,043",+9.0%,"$237,863,658",+5.7%,112,Elysium,32
2013,Aug. 28,"$194,497,397",-18.4%,"$225,090,192",-15.0%,113,2 Guns,31
2013,Jul. 26Aug. 1,"$238,196,255",-13.2%,"$264,928,176",-10.8%,115,The Wolverine,30
2013,Jul. 1925,"$274,352,091",-3.7%,"$296,903,150",-1.2%,120,The Conjuring,29
2013,Jul. 1218,"$284,853,114",-12.9%,"$300,442,364",-11.4%,119,Despicable Me 2,28
2013,Jul. 511,"$326,955,978",-10.3%,"$339,163,614",-11.4%,106,Despicable Me 2,27
2013,Jun. 28Jul. 4,"$364,323,174",+6.0%,"$382,677,164",+7.4%,116,Monsters University,26
2013,Jun. 2127,"$343,731,406",+23.4%,"$356,400,919",+23.2%,112,Monsters University,25
2013,Jun. 1420,"$278,578,708",+26.4%,"$289,343,107",+24.8%,114,Man of Steel,24
2013,Jun. 713,"$220,361,180",-0.6%,"$231,904,822",+1.2%,115,The Purge,23
2013,May 31Jun. 6,"$221,748,839",-38.6%,"$229,127,397",-38.1%,123,Fast & Furious 6,22
2013,May 2430,"$361,029,336",+70.7%,"$370,089,224",+68.1%,117,Fast & Furious 6,21
2013,May 1723,"$211,520,507",+1.8%,"$220,161,600",+0.8%,118,Star Trek Into Darkness,20
2013,May 1016,"$207,708,241",-20.5%,"$218,510,576",-19.4%,134,Iron Man 3,19
2013,May 39,"$261,333,869",+144.5%,"$271,243,607",+125.0%,134,Iron Man 3,18
2013,Apr. 26May2,"$106,878,789",-16.1%,"$120,566,811",-14.8%,133,Pain and Gain,17
2013,Apr. 1925,"$127,340,606",-8.4%,"$141,568,390",-5.7%,133,Oblivion,16
2013,Apr. 1218,"$138,950,599",-12.3%,"$150,085,084",-11.5%,132,42,15
2013,Apr. 511,"$158,442,723",-20.8%,"$169,572,529",-20.0%,133,Evil Dead (2013),14
2013,Mar. 29Apr. 4,"$200,119,366",+4.6%,"$212,016,679",+2.6%,133,G.I. Joe: Retaliation,13
2013,Mar. 2228,"$191,309,411",+52.3%,"$206,696,122",+46.1%,127,The Croods,12
2013,Mar. 1521,"$125,629,271",-27.2%,"$141,513,863",-25.9%,111,Oz The Great and Powerful,11
2013,Mar. 814,"$172,546,076",+46.5%,"$190,927,433",+35.7%,115,Oz The Great and Powerful,10
2013,Mar. 17,"$117,800,606",+4.5%,"$140,656,909",+4.8%,109,Jack the Giant Slayer,9
2013,Feb. 2228,"$112,758,820",-35.7%,"$134,178,920",-32.6%,103,Identity Thief,8
2013,Feb. 1521,"$175,382,967",+33.5%,"$199,197,798",+20.8%,107,A Good Day to Die Hard,7
2013,Feb. 814,"$131,350,695",+43.5%,"$164,877,760",+38.8%,107,Identity Thief,6
2013,Feb. 17,"$91,551,084",-20.1%,"$118,774,114",-18.7%,107,Warm Bodies,5
2013,Jan. 2531,"$114,629,728",-28.8%,"$146,092,696",-24.6%,104,Hansel and Gretel,4
2013,Jan. 1824,"$161,031,794",-0.3%,"$193,825,193",+3.2%,103,Mama,3
2013,Jan. 1117,"$161,568,336",-0.4%,"$187,842,037",-3.0%,102,Zero Dark Thirty,2
2013,Jan. 410,"$162,255,189",-45.3%,"$193,576,051",-41.3%,105,Django Unchained,1
2014,Dec. 26Jan. 1,"$348,486,441",+37.9%,"$391,428,791",+36.0%,91,The Hobbit: The Battle of the Five Armies,52
2014,Dec. 1925,"$252,627,438",+89.1%,"$287,903,309",+97.2%,95,The Hobbit: The Battle of the Five Armies,51
2014,Dec. 1218,"$133,569,391",+47.3%,"$146,023,487",+43.5%,104,The Hobbit: The Battle of the Five Armies,50
2014,Dec. 511,"$90,706,433",-50.8%,"$101,738,078",-48.1%,115,Mockingjay Part 1,49
2014,Nov. 28Dec. 4,"$184,493,957",-35.3%,"$195,919,565",-34.9%,113,Mockingjay Part 1,48
2014,Nov. 2127,"$285,071,875",+78.1%,"$300,974,876",+72.3%,109,Mockingjay Part 1,47
2014,Nov. 1420,"$160,069,750",-21.2%,"$174,722,259",-20.0%,123,Dumb and Dumber To,46
2014,Nov. 713,"$203,064,830",+89.5%,"$218,255,211",+68.1%,133,Big Hero 6,45
2014,Oct. 31Nov. 6,"$107,186,464",-20.2%,"$129,870,139",-14.3%,125,Nightcrawler,44
2014,Oct. 2430,"$134,340,106",-15.1%,"$151,537,756",-12.2%,132,Ouija,43
2014,Oct. 1723,"$158,210,563",-14.6%,"$172,598,668",-14.7%,130,Fury,42
2014,Oct. 1016,"$185,166,805",+3.0%,"$202,384,385",+4.5%,136,Gone Girl,41
2014,Oct. 39,"$179,724,443",+43.1%,"$193,669,190",+39.0%,139,Gone Girl,40
2014,Sep. 26Oct. 2,"$125,579,448",+6.6%,"$139,374,369",+4.7%,152,The Equalizer,39
2014,Sep. 1925,"$117,862,557",+20.5%,"$133,086,256",+11.3%,134,The Maze Runner,38
2014,Sep. 1218,"$97,790,166",+44.1%,"$119,612,096",+35.9%,140,No Good Deed,37
2014,Sep. 511,"$67,871,883",-48.1%,"$88,008,151",-46.2%,134,Guardians of the Galaxy,36
2014,Aug. 29Sep. 4,"$130,788,896",-5.2%,"$163,502,240",+3.7%,122,Guardians of the Galaxy,35
2014,Aug. 2228,"$137,948,432",-24.5%,"$157,703,443",-22.6%,115,Guardians of the Galaxy,34
2014,Aug. 1521,"$182,796,995",-27.9%,"$203,698,867",-26.2%,114,Ninja Turtles,33
2014,Aug. 814,"$253,637,352",+2.4%,"$276,181,896",+1.6%,125,Ninja Turtles,32
2014,Aug. 17,"$247,823,687",+23.9%,"$271,979,685",+19.0%,122,Guardians of the Galaxy,31
2014,Jul. 2531,"$200,048,271",+1.2%,"$228,575,644",+3.7%,128,Lucy,30
2014,Jul. 1824,"$197,731,042",-5.0%,"$220,510,549",-2.7%,124,Dawn of the Planet of the Apes,29
2014,Jul. 1117,"$208,041,386",+12.0%,"$226,721,618",+10.9%,125,Dawn of the Planet of the Apes,28
2014,Jul. 410,"$185,835,610",-31.4%,"$204,482,485",-29.5%,121,Transformers 4,27
2014,Jun. 27Jul. 3,"$270,887,626",+30.2%,"$289,901,037",+31.7%,135,Transformers 4,26
2014,Jun. 2026,"$208,092,013",-21.1%,"$220,205,538",-19.9%,123,22 Jump Street,25
2014,Jun. 1319,"$263,713,841",+17.3%,"$274,822,597",+16.7%,136,22 Jump Street,24
2014,Jun. 612,"$224,889,599",+2.0%,"$235,581,717",+2.2%,128,The Fault in our Stars,23
2014,May 30Jun. 5,"$220,432,132",-15.8%,"$230,586,301",-16.5%,118,Maleficent,22
2014,May 2329,"$261,855,222",+19.3%,"$276,208,957",+18.9%,117,X-Men: Days of Future Past,21
2014,May 1622,"$219,522,852",+33.0%,"$232,237,172",+29.7%,117,Godzilla,20
2014,May 915,"$165,076,130",-8.3%,"$179,025,816",-7.3%,128,Neighbors,19
2014,May 28,"$179,985,601",+35.6%,"$193,198,931",+27.5%,125,The Amazing Spider-Man 2,18
2014,Apr. 25May1,"$132,726,967",-21.0%,"$151,582,295",-16.4%,121,The Other Woman,17
2014,Apr. 1824,"$167,924,229",-12.1%,"$181,229,145",-10.9%,118,Captain America 2,16
2014,Apr. 1117,"$191,003,518",-4.9%,"$203,320,363",-4.3%,120,Captain America 2,15
2014,Apr. 410,"$200,902,199",+20.0%,"$212,540,016",+17.0%,123,Captain America 2,14
2014,Mar. 28Apr. 3,"$167,445,025",-4.7%,"$181,733,864",-3.4%,124,Noah,13
2014,Mar. 2127,"$175,732,274",+32.4%,"$188,111,571",+25.7%,123,Divergent,12
2014,Mar. 1420,"$132,743,589",-24.4%,"$149,630,866",-22.8%,117,Mr. Peabody & Sherman,11
2014,Mar. 713,"$175,608,165",+27.9%,"$193,720,702",+21.3%,117,300: Rise of An Empire,10
2014,Feb. 28Mar. 6,"$137,286,491",+12.1%,"$159,668,038",+12.4%,121,Non-Stop,9
2014,Feb. 2127,"$122,526,888",-42.9%,"$142,098,965",-41.1%,117,The LEGO Movie,8
2014,Feb. 1420,"$214,726,248",+26.4%,"$241,330,237",+25.1%,117,The LEGO Movie,7
2014,Feb. 713,"$169,852,580",+83.7%,"$192,987,382",+69.1%,120,The LEGO Movie,6
2014,Jan. 31Feb. 6,"$92,443,027",-27.0%,"$114,148,109",-26.2%,106,Ride Along,5
2014,Jan. 2430,"$126,560,722",-41.0%,"$154,647,771",-37.4%,109,Ride Along,4
2014,Jan. 1723,"$214,398,209",+31.1%,"$246,827,021",+30.7%,104,Ride Along,3
2014,Jan. 1016,"$163,517,652",-4.4%,"$188,791,383",-0.7%,99,Lone Survivor,2
2014,Jan. 39,"$171,041,916",-49.7%,"$190,086,612",-48.4%,92,Frozen,1
2015,Mar. 1319,"$161,443,091",+53.3%,"$175,865,340",+44.8%,84,Cinderella,11
2015,Mar. 612,"$105,316,404",-12.0%,"$121,443,450",-11.5%,101,Chappie,10
2015,Feb. 27Mar. 5,"$119,683,745",-14.0%,"$137,278,549",-11.8%,103,Focus,9
2015,Feb. 2026,"$139,094,956",-48.7%,"$155,626,567",-46.5%,102,Fifty Shades of Grey,8
2015,Feb. 1319,"$271,154,226",+62.3%,"$291,078,296",+55.1%,98,Fifty Shades of Grey,7
2015,Feb. 612,"$167,029,693",+49.0%,"$187,671,930",+37.6%,100,SpongeBob,6
2015,Jan. 30Feb. 5,"$112,125,224",-36.8%,"$136,401,789",-32.4%,100,American Sniper,5
2015,Jan. 2329,"$177,428,551",-34.6%,"$201,778,558",-32.1%,102,American Sniper,4
2015,Jan. 1622,"$271,278,549",+90.4%,"$297,328,375",+79.7%,96,American Sniper,3
2015,Jan. 915,"$142,476,219",-16.0%,"$165,437,543",-16.3%,99,Taken 3,2
2015,Jan. 28,"$169,567,376",-51.3%,"$197,525,860",-49.5%,97,The Hobbit: The Battle of the Five Armies,1
